/*
SQLyog Community v13.1.6 (64 bit)
MySQL - 8.0.22 : Database - online
*********************************************************************
*/

/*!40101 SET NAMES utf8 */;

/*!40101 SET SQL_MODE=''*/;

/*!40014 SET @OLD_UNIQUE_CHECKS=@@UNIQUE_CHECKS, UNIQUE_CHECKS=0 */;
/*!40014 SET @OLD_FOREIGN_KEY_CHECKS=@@FOREIGN_KEY_CHECKS, FOREIGN_KEY_CHECKS=0 */;
/*!40101 SET @OLD_SQL_MODE=@@SQL_MODE, SQL_MODE='NO_AUTO_VALUE_ON_ZERO' */;
/*!40111 SET @OLD_SQL_NOTES=@@SQL_NOTES, SQL_NOTES=0 */;
CREATE DATABASE /*!32312 IF NOT EXISTS*/`online` /*!40100 DEFAULT CHARACTER SET utf8mb4 COLLATE utf8mb4_0900_ai_ci */ /*!80016 DEFAULT ENCRYPTION='N' */;

USE `online`;

/*Table structure for table `acl_permission` */

DROP TABLE IF EXISTS `acl_permission`;

CREATE TABLE `acl_permission` (
  `id` bigint NOT NULL COMMENT '编号',
  `pid` bigint NOT NULL COMMENT '所属上级',
  `name` varchar(20) NOT NULL DEFAULT '' COMMENT '名称',
  `type` tinyint NOT NULL DEFAULT '0' COMMENT '类型(1:菜单,2:按钮)',
  `permission_value` varchar(50) DEFAULT NULL COMMENT '权限值',
  `path` varchar(100) DEFAULT NULL COMMENT '访问路径',
  `component` varchar(100) DEFAULT NULL COMMENT '组件路径',
  `icon` varchar(50) DEFAULT NULL COMMENT '图标',
  `status` tinyint DEFAULT NULL COMMENT '状态(0:禁止,1:正常)',
  `is_deleted` tinyint unsigned NOT NULL DEFAULT '0' COMMENT '逻辑删除 1（true）已删除， 0（false）未删除',
  `gmt_create` datetime DEFAULT NULL COMMENT '创建时间',
  `gmt_modified` datetime DEFAULT NULL COMMENT '更新时间',
  PRIMARY KEY (`id`),
  KEY `idx_pid` (`pid`)
) ENGINE=InnoDB DEFAULT CHARSET=utf8mb4 COLLATE=utf8mb4_0900_ai_ci COMMENT='权限';

/*Data for the table `acl_permission` */

insert  into `acl_permission`(`id`,`pid`,`name`,`type`,`permission_value`,`path`,`component`,`icon`,`status`,`is_deleted`,`gmt_create`,`gmt_modified`) values 
(1,0,'全部数据',0,NULL,NULL,NULL,NULL,NULL,0,'2019-11-15 17:13:06','2019-11-15 17:13:06'),
(1195268474480156673,1,'权限管理',1,NULL,'/acl','Layout','password',NULL,0,'2019-11-15 17:13:06','2019-11-18 13:54:25'),
(1195268616021139457,1195268474480156673,'用户管理',1,NULL,'user/list','/acl/user/list','password',NULL,0,'2019-11-15 17:13:40','2019-11-18 13:53:12'),
(1195268788138598401,1195268474480156673,'角色管理',1,NULL,'role/list','/acl/role/list','password',NULL,0,'2019-11-15 17:14:21','2019-11-15 17:14:21'),
(1195268893830864898,1195268474480156673,'菜单管理',1,NULL,'menu/list','/acl/menu/list','password',NULL,0,'2019-11-15 17:14:46','2019-11-15 17:14:46'),
(1195269143060602882,1195268616021139457,'查看',2,'user.list','','',NULL,NULL,0,'2019-11-15 17:15:45','2019-11-17 21:57:16'),
(1195269295926206466,1195268616021139457,'添加',2,'user.add','','',NULL,NULL,0,'2019-11-15 17:16:22','2021-04-26 15:08:05'),
(1195269473479483394,1195268616021139457,'修改',2,'user.update','','',NULL,NULL,0,'2019-11-15 17:17:04','2021-04-26 15:08:13'),
(1195269547269873666,1195268616021139457,'删除',2,'user.remove','','',NULL,NULL,0,'2019-11-15 17:17:22','2021-04-26 15:08:23'),
(1195269821262782465,1195268788138598401,'修改',2,'role.update','','',NULL,NULL,0,'2019-11-15 17:18:27','2021-04-26 15:09:14'),
(1195269903542444034,1195268788138598401,'查看',2,'role.list','','',NULL,NULL,0,'2019-11-15 17:18:47','2019-11-15 17:18:47'),
(1195270037005197313,1195268788138598401,'添加',2,'role.add','','',NULL,NULL,0,'2019-11-15 17:19:19','2021-04-26 15:09:38'),
(1195270442602782721,1195268788138598401,'删除',2,'role.remove','','',NULL,NULL,0,'2019-11-15 17:20:55','2019-11-15 17:20:55'),
(1195270621548568578,1195268788138598401,'角色权限',2,'role.acl','role/distribution/:id','/acl/role/roleForm','password',NULL,0,'2019-11-15 17:21:38','2019-11-15 17:21:38'),
(1195270744097742849,1195268893830864898,'查看',2,'permission.list','','',NULL,NULL,0,'2019-11-15 17:22:07','2019-11-15 17:22:07'),
(1195270810560684034,1195268893830864898,'添加',2,'permission.add','','',NULL,NULL,0,'2019-11-15 17:22:23','2019-11-15 17:22:23'),
(1195270862100291586,1195268893830864898,'修改',2,'permission.update','','',NULL,NULL,0,'2019-11-15 17:22:35','2019-11-15 17:22:35'),
(1195270887933009922,1195268893830864898,'删除',2,'permission.remove','','',NULL,NULL,0,'2019-11-15 17:22:41','2019-11-15 17:22:41'),
(1195349439240048642,1,'教师管理',1,NULL,'/teacher','Layout','el-icon-s-help',NULL,0,'2019-11-15 22:34:49','2019-11-15 22:34:49'),
(1195349699995734017,1195349439240048642,'教师列表',1,NULL,'table','/edu/teacher/list','table',NULL,0,'2019-11-15 22:35:52','2019-11-15 22:35:52'),
(1195349810561781761,1195349439240048642,'添加教师',1,NULL,'save','/edu/teacher/save','form',NULL,0,'2019-11-15 22:36:18','2019-11-15 22:36:18'),
(1195349876252971010,1195349810561781761,'添加',2,'teacher.add','','',NULL,NULL,0,'2019-11-15 22:36:34','2019-11-15 22:36:34'),
(1195349979797753857,1195349699995734017,'查看',2,'teacher.list','','',NULL,NULL,0,'2019-11-15 22:36:58','2019-11-15 22:36:58'),
(1195350117270261762,1195349699995734017,'编辑教师',2,'teacher.update','edit/:id','/edu/teacher/save',NULL,NULL,0,'2019-11-15 22:37:31','2021-04-28 05:39:58'),
(1195350188359520258,1195349699995734017,'删除',2,'teacher.remove','','',NULL,NULL,0,'2019-11-15 22:37:48','2019-11-15 22:37:48'),
(1195350299365969922,1,'课程分类管理',1,NULL,'/subject','Layout','tree',NULL,0,'2019-11-15 22:38:15','2019-11-15 22:38:15'),
(1195350397751758850,1195350299365969922,'课程分类列表',1,NULL,'list','/edu/subject/list','nested',NULL,0,'2019-11-15 22:38:38','2019-11-15 22:38:38'),
(1195350500512206850,1195350299365969922,'添加课程分类',1,NULL,'save','/edu/subject/save','form',NULL,0,'2019-11-15 22:39:03','2019-11-15 22:39:03'),
(1195350612172967938,1195350397751758850,'查看',2,'subject.list','','',NULL,NULL,0,'2019-11-15 22:39:29','2019-11-15 22:39:29'),
(1195350687590748161,1195350500512206850,'导入',2,'subject.import','','',NULL,NULL,0,'2019-11-15 22:39:47','2019-11-15 22:39:47'),
(1195350831744782337,1,'课程管理',1,NULL,'/course','Layout','nested',NULL,0,'2019-11-15 22:40:21','2019-11-15 22:40:21'),
(1195350919074385921,1195350831744782337,'课程列表',1,NULL,'list','/edu/course/list','table',NULL,0,'2019-11-15 22:40:42','2019-11-15 22:40:42'),
(1195351020463296513,1195350831744782337,'添加课程',1,NULL,'info','/edu/course/info','form',NULL,0,'2019-11-15 22:41:06','2019-11-15 22:41:06'),
(1196301740985311234,1195268616021139457,'分配角色',2,'user.assign','user/role/:id','/acl/user/roleForm',NULL,NULL,0,'2019-11-18 13:38:56','2019-11-18 13:38:56'),
(1387136387766366209,1195351020463296513,'发布课程',2,'course.publish','publish/:id','/edu/course/publish',NULL,NULL,0,'2021-04-28 05:07:41','2021-04-28 05:07:41'),
(1387136901270810625,1195351020463296513,'添加课程基本信息',2,'course.update','info/:id','/edu/course/info',NULL,NULL,0,'2021-04-28 05:09:44','2021-04-28 05:09:44'),
(1387138531361894401,1195351020463296513,'编辑课程大纲',2,'chapter.update','chapter/:id','/edu/course/chapter',NULL,NULL,0,'2021-04-28 05:16:12','2021-04-28 05:16:12'),
(1387139055435984898,1195350919074385921,'修改课程',2,'course.update',NULL,NULL,NULL,NULL,0,'2021-04-28 05:18:17','2021-04-28 05:18:17'),
(1387140383394574338,1195350919074385921,'删除课程',2,'course.remove','','',NULL,NULL,0,'2021-04-28 05:23:34','2021-04-28 05:23:34'),
(1388888482584571906,1195350919074385921,'查看',2,'course.list',NULL,NULL,NULL,NULL,0,'2021-05-03 01:09:53','2021-05-03 01:09:53'),
(1388888482584571908,1,'监控页面',1,NULL,'/monitor','Layout','eye-open',NULL,0,'2021-05-04 22:26:41','2021-05-04 22:26:44'),
(1389572611613437954,1388888482584571908,'nacos',1,'','sentinel','null',NULL,NULL,0,'2021-05-04 22:28:22','2021-05-04 22:30:28'),
(1389572732623302658,1388888482584571908,'sentinel',1,NULL,'sentinel','null',NULL,NULL,0,'2021-05-04 22:28:51','2021-05-04 22:30:23'),
(1389572944498569217,1388888482584571908,'druid',1,'','druid','/monitor/druid',NULL,NULL,0,'2021-05-04 22:29:42','2021-05-04 22:29:52'),
(1389573093866123266,1388888482584571908,'rabbitmq',1,NULL,'rabbitmq','null',NULL,NULL,0,'2021-05-04 22:30:17','2021-05-04 22:30:17');

/*Table structure for table `acl_role` */

DROP TABLE IF EXISTS `acl_role`;

CREATE TABLE `acl_role` (
  `id` bigint NOT NULL COMMENT '角色id',
  `role_name` varchar(20) NOT NULL DEFAULT '' COMMENT '角色名称',
  `role_code` varchar(20) DEFAULT NULL COMMENT '角色编码',
  `remark` varchar(255) DEFAULT NULL COMMENT '备注',
  `is_deleted` tinyint unsigned NOT NULL DEFAULT '0' COMMENT '逻辑删除 1（true）已删除， 0（false）未删除',
  `gmt_create` datetime NOT NULL COMMENT '创建时间',
  `gmt_modified` datetime NOT NULL COMMENT '更新时间',
  PRIMARY KEY (`id`)
) ENGINE=InnoDB DEFAULT CHARSET=utf8;

/*Data for the table `acl_role` */

insert  into `acl_role`(`id`,`role_name`,`role_code`,`remark`,`is_deleted`,`gmt_create`,`gmt_modified`) values 
(1,'普通管理员',NULL,'只能进行除了权限以外的查看',0,'2019-11-11 13:09:32','2021-05-03 01:13:03'),
(1193757683205607426,'课程管理员',NULL,'课程管理，可对课程进行修改',0,'2019-11-11 13:09:45','2021-05-03 01:07:17'),
(1388887922154254337,'课程分类管理员',NULL,'课程分类管理',0,'2021-05-03 01:07:40','2021-05-03 01:07:40'),
(1388888095714553857,'教师管理员',NULL,'教师管理',0,'2021-05-03 01:08:21','2021-05-03 01:08:21'),
(1388889017454800898,'权限管理查看权限',NULL,'拥有查看权限的权限',0,'2021-05-03 01:12:01','2021-05-03 01:12:01'),
(1388889175722668034,'系统管理员',NULL,'拥有所有权限',0,'2021-05-03 01:12:38','2021-05-03 01:12:38'),
(1389599078103691265,'null',NULL,NULL,1,'2021-05-05 00:13:32','2021-05-05 00:13:32');

/*Table structure for table `acl_role_permission` */

DROP TABLE IF EXISTS `acl_role_permission`;

CREATE TABLE `acl_role_permission` (
  `id` bigint NOT NULL COMMENT '主键id',
  `role_id` bigint NOT NULL COMMENT '角色id',
  `permission_id` bigint NOT NULL COMMENT '权限id',
  `gmt_create` datetime NOT NULL COMMENT '创建时间',
  `gmt_modified` datetime NOT NULL COMMENT '更新时间',
  PRIMARY KEY (`id`),
  KEY `idx_role_id` (`role_id`),
  KEY `idx_permission_id` (`permission_id`)
) ENGINE=InnoDB DEFAULT CHARSET=utf8 COMMENT='角色权限';

/*Data for the table `acl_role_permission` */

insert  into `acl_role_permission`(`id`,`role_id`,`permission_id`,`gmt_create`,`gmt_modified`) values 
(1386664200550846465,1,1,'2021-04-26 21:51:23','2021-04-26 21:51:23'),
(1386664200576012291,1,1195349439240048642,'2021-04-26 21:51:23','2021-04-26 21:51:23'),
(1386664200576012292,1,1195349699995734017,'2021-04-26 21:51:23','2021-04-26 21:51:23'),
(1386664288459264018,1,1195349979797753857,'2021-04-26 21:51:44','2021-04-26 21:51:44'),
(1386664288459264021,1,1195350299365969922,'2021-04-26 21:51:44','2021-04-26 21:51:44'),
(1386664288459264022,1,1195350397751758850,'2021-04-26 21:51:44','2021-04-26 21:51:44'),
(1386664288459264023,1,1195350612172967938,'2021-04-26 21:51:44','2021-04-26 21:51:44'),
(1386664288459264028,1,1195351159672246274,'2021-04-26 21:51:44','2021-04-26 21:51:44'),
(1386664288459264029,1,1195351326706208770,'2021-04-26 21:51:44','2021-04-26 21:51:44'),
(1386664288459264030,1,1195351566221938690,'2021-04-26 21:51:44','2021-04-26 21:51:44'),
(1386664288459264032,1,1195351862889254913,'2021-04-26 21:51:44','2021-04-26 21:51:44'),
(1386664288459264033,1,1195351968841568257,'2021-04-26 21:51:44','2021-04-26 21:51:44'),
(1386664288459264034,1,1195352215768633346,'2021-04-26 21:51:44','2021-04-26 21:51:44'),
(1386664288459264035,1,1195352054917074946,'2021-04-26 21:51:44','2021-04-26 21:51:44'),
(1386664288459264036,1,1195352127734386690,'2021-04-26 21:51:44','2021-04-26 21:51:44'),
(1386664288459264037,1,1195352547621965825,'2021-04-26 21:51:44','2021-04-26 21:51:44'),
(1386664288459264038,1,1195353513549205505,'2021-04-26 21:51:44','2021-04-26 21:51:44'),
(1386664288459264039,1,1195352856645701633,'2021-04-26 21:51:44','2021-04-26 21:51:44'),
(1386664288459264040,1,1195352909401657346,'2021-04-26 21:51:44','2021-04-26 21:51:44'),
(1386664288517984258,1,1195353051395624961,'2021-04-26 21:51:44','2021-04-26 21:51:44'),
(1386664288517984259,1,1195353672110673921,'2021-04-26 21:51:44','2021-04-26 21:51:44'),
(1386664288517984260,1,1195354076890370050,'2021-04-26 21:51:44','2021-04-26 21:51:44'),
(1386664288517984261,1,1195354153482555393,'2021-04-26 21:51:44','2021-04-26 21:51:44'),
(1386664288517984262,1,1195354315093282817,'2021-04-26 21:51:44','2021-04-26 21:51:44'),
(1387098542506774530,1193757683205607426,1,'2021-04-28 02:37:18','2021-04-28 02:37:18'),
(1387098542548717573,1193757683205607426,1195350831744782337,'2021-04-28 02:37:18','2021-04-28 02:37:18'),
(1387098542548717574,1193757683205607426,1195350919074385921,'2021-04-28 02:37:18','2021-04-28 02:37:18'),
(1387098542557106178,1193757683205607426,1195351159672246274,'2021-04-28 02:37:18','2021-04-28 02:37:18'),
(1387098542557106179,1193757683205607426,1195351326706208770,'2021-04-28 02:37:18','2021-04-28 02:37:18'),
(1387098542557106180,1193757683205607426,1195351566221938690,'2021-04-28 02:37:18','2021-04-28 02:37:18'),
(1387098542557106181,1193757683205607426,1195351020463296513,'2021-04-28 02:37:18','2021-04-28 02:37:18'),
(1388887586911924225,1,1195350831744782337,'2021-05-03 01:06:20','2021-05-03 01:06:20'),
(1388887645523128322,1193757683205607426,1387139055435984898,'2021-05-03 01:06:34','2021-05-03 01:06:34'),
(1388887645523128323,1193757683205607426,1387140383394574338,'2021-05-03 01:06:34','2021-05-03 01:06:34'),
(1388887645523128324,1193757683205607426,1387136387766366209,'2021-05-03 01:06:34','2021-05-03 01:06:34'),
(1388887645531516930,1193757683205607426,1387136901270810625,'2021-05-03 01:06:34','2021-05-03 01:06:34'),
(1388887645531516931,1193757683205607426,1387138531361894401,'2021-05-03 01:06:34','2021-05-03 01:06:34'),
(1388887734392041474,1193757683205607426,1195349439240048642,'2021-05-03 01:06:55','2021-05-03 01:06:55'),
(1388887734392041475,1193757683205607426,1195349699995734017,'2021-05-03 01:06:55','2021-05-03 01:06:55'),
(1388887734392041476,1193757683205607426,1195349979797753857,'2021-05-03 01:06:55','2021-05-03 01:06:55'),
(1388887734392041477,1193757683205607426,1195350299365969922,'2021-05-03 01:06:55','2021-05-03 01:06:55'),
(1388887734392041478,1193757683205607426,1195350397751758850,'2021-05-03 01:06:55','2021-05-03 01:06:55'),
(1388887734392041479,1193757683205607426,1195350612172967938,'2021-05-03 01:06:55','2021-05-03 01:06:55'),
(1388888036142854146,1388887922154254337,1,'2021-05-03 01:08:07','2021-05-03 01:08:07'),
(1388888036142854147,1388887922154254337,1195349439240048642,'2021-05-03 01:08:07','2021-05-03 01:08:07'),
(1388888036151242753,1388887922154254337,1195349699995734017,'2021-05-03 01:08:07','2021-05-03 01:08:07'),
(1388888036151242754,1388887922154254337,1195349979797753857,'2021-05-03 01:08:07','2021-05-03 01:08:07'),
(1388888036151242755,1388887922154254337,1195350299365969922,'2021-05-03 01:08:07','2021-05-03 01:08:07'),
(1388888036151242756,1388887922154254337,1195350397751758850,'2021-05-03 01:08:07','2021-05-03 01:08:07'),
(1388888036151242757,1388887922154254337,1195350612172967938,'2021-05-03 01:08:07','2021-05-03 01:08:07'),
(1388888036159631362,1388887922154254337,1195350500512206850,'2021-05-03 01:08:07','2021-05-03 01:08:07'),
(1388888036159631363,1388887922154254337,1195350687590748161,'2021-05-03 01:08:07','2021-05-03 01:08:07'),
(1388888036159631364,1388887922154254337,1195350831744782337,'2021-05-03 01:08:07','2021-05-03 01:08:07'),
(1388888553225039874,1,1195350919074385921,'2021-05-03 01:10:10','2021-05-03 01:10:10'),
(1388888553225039875,1,1388888482584571906,'2021-05-03 01:10:10','2021-05-03 01:10:10'),
(1388888685626634242,1193757683205607426,1388888482584571906,'2021-05-03 01:10:42','2021-05-03 01:10:42'),
(1388888712134635521,1388887922154254337,1195350919074385921,'2021-05-03 01:10:48','2021-05-03 01:10:48'),
(1388888712134635522,1388887922154254337,1388888482584571906,'2021-05-03 01:10:48','2021-05-03 01:10:48'),
(1388888910474883073,1388888095714553857,1,'2021-05-03 01:11:35','2021-05-03 01:11:35'),
(1388888910474883074,1388888095714553857,1195349439240048642,'2021-05-03 01:11:35','2021-05-03 01:11:35'),
(1388888910483271682,1388888095714553857,1195349699995734017,'2021-05-03 01:11:35','2021-05-03 01:11:35'),
(1388888910483271683,1388888095714553857,1195349979797753857,'2021-05-03 01:11:35','2021-05-03 01:11:35'),
(1388888910483271684,1388888095714553857,1195350117270261762,'2021-05-03 01:11:35','2021-05-03 01:11:35'),
(1388888910483271685,1388888095714553857,1195350188359520258,'2021-05-03 01:11:35','2021-05-03 01:11:35'),
(1388888910483271686,1388888095714553857,1195349810561781761,'2021-05-03 01:11:35','2021-05-03 01:11:35'),
(1388888910491660290,1388888095714553857,1195349876252971010,'2021-05-03 01:11:35','2021-05-03 01:11:35'),
(1388888910491660291,1388888095714553857,1195350299365969922,'2021-05-03 01:11:35','2021-05-03 01:11:35'),
(1388888910491660292,1388888095714553857,1195350397751758850,'2021-05-03 01:11:35','2021-05-03 01:11:35'),
(1388888910491660293,1388888095714553857,1195350612172967938,'2021-05-03 01:11:35','2021-05-03 01:11:35'),
(1388888910491660294,1388888095714553857,1195350831744782337,'2021-05-03 01:11:35','2021-05-03 01:11:35'),
(1388888910491660295,1388888095714553857,1195350919074385921,'2021-05-03 01:11:35','2021-05-03 01:11:35'),
(1388888910491660296,1388888095714553857,1388888482584571906,'2021-05-03 01:11:35','2021-05-03 01:11:35'),
(1388889052418519042,1388889017454800898,1,'2021-05-03 01:12:09','2021-05-03 01:12:09'),
(1388889052418519043,1388889017454800898,1195268474480156673,'2021-05-03 01:12:09','2021-05-03 01:12:09'),
(1388889052418519044,1388889017454800898,1195268616021139457,'2021-05-03 01:12:09','2021-05-03 01:12:09'),
(1388889052418519045,1388889017454800898,1195269143060602882,'2021-05-03 01:12:09','2021-05-03 01:12:09'),
(1388889052418519046,1388889017454800898,1195268788138598401,'2021-05-03 01:12:09','2021-05-03 01:12:09'),
(1388889052431101953,1388889017454800898,1195269903542444034,'2021-05-03 01:12:09','2021-05-03 01:12:09'),
(1388889052431101954,1388889017454800898,1195268893830864898,'2021-05-03 01:12:09','2021-05-03 01:12:09'),
(1388889052431101955,1388889017454800898,1195270744097742849,'2021-05-03 01:12:09','2021-05-03 01:12:09'),
(1388889191988178945,1388889175722668034,1,'2021-05-03 01:12:42','2021-05-03 01:12:42'),
(1388889191988178946,1388889175722668034,1195268474480156673,'2021-05-03 01:12:42','2021-05-03 01:12:42'),
(1388889191996567554,1388889175722668034,1195268616021139457,'2021-05-03 01:12:42','2021-05-03 01:12:42'),
(1388889191996567555,1388889175722668034,1195269143060602882,'2021-05-03 01:12:42','2021-05-03 01:12:42'),
(1388889191996567556,1388889175722668034,1195269295926206466,'2021-05-03 01:12:42','2021-05-03 01:12:42'),
(1388889191996567557,1388889175722668034,1195269473479483394,'2021-05-03 01:12:42','2021-05-03 01:12:42'),
(1388889191996567558,1388889175722668034,1195269547269873666,'2021-05-03 01:12:42','2021-05-03 01:12:42'),
(1388889191996567559,1388889175722668034,1196301740985311234,'2021-05-03 01:12:42','2021-05-03 01:12:42'),
(1388889191996567560,1388889175722668034,1195268788138598401,'2021-05-03 01:12:42','2021-05-03 01:12:42'),
(1388889191996567561,1388889175722668034,1195269821262782465,'2021-05-03 01:12:42','2021-05-03 01:12:42'),
(1388889191996567562,1388889175722668034,1195269903542444034,'2021-05-03 01:12:42','2021-05-03 01:12:42'),
(1388889191996567563,1388889175722668034,1195270037005197313,'2021-05-03 01:12:42','2021-05-03 01:12:42'),
(1388889191996567564,1388889175722668034,1195270442602782721,'2021-05-03 01:12:42','2021-05-03 01:12:42'),
(1388889191996567565,1388889175722668034,1195270621548568578,'2021-05-03 01:12:42','2021-05-03 01:12:42'),
(1388889191996567566,1388889175722668034,1195268893830864898,'2021-05-03 01:12:42','2021-05-03 01:12:42'),
(1388889191996567567,1388889175722668034,1195270744097742849,'2021-05-03 01:12:42','2021-05-03 01:12:42'),
(1388889191996567568,1388889175722668034,1195270810560684034,'2021-05-03 01:12:42','2021-05-03 01:12:42'),
(1388889191996567569,1388889175722668034,1195270862100291586,'2021-05-03 01:12:42','2021-05-03 01:12:42'),
(1388889191996567570,1388889175722668034,1195270887933009922,'2021-05-03 01:12:42','2021-05-03 01:12:42'),
(1388889191996567571,1388889175722668034,1195349439240048642,'2021-05-03 01:12:42','2021-05-03 01:12:42'),
(1388889191996567572,1388889175722668034,1195349699995734017,'2021-05-03 01:12:42','2021-05-03 01:12:42'),
(1388889191996567573,1388889175722668034,1195349979797753857,'2021-05-03 01:12:42','2021-05-03 01:12:42'),
(1388889191996567574,1388889175722668034,1195350117270261762,'2021-05-03 01:12:42','2021-05-03 01:12:42'),
(1388889192030121986,1388889175722668034,1195350188359520258,'2021-05-03 01:12:42','2021-05-03 01:12:42'),
(1388889192030121987,1388889175722668034,1195349810561781761,'2021-05-03 01:12:42','2021-05-03 01:12:42'),
(1388889192030121988,1388889175722668034,1195349876252971010,'2021-05-03 01:12:42','2021-05-03 01:12:42'),
(1388889192030121989,1388889175722668034,1195350299365969922,'2021-05-03 01:12:42','2021-05-03 01:12:42'),
(1388889192030121990,1388889175722668034,1195350397751758850,'2021-05-03 01:12:42','2021-05-03 01:12:42'),
(1388889192030121991,1388889175722668034,1195350612172967938,'2021-05-03 01:12:42','2021-05-03 01:12:42'),
(1388889192038510594,1388889175722668034,1195350500512206850,'2021-05-03 01:12:42','2021-05-03 01:12:42'),
(1388889192038510595,1388889175722668034,1195350687590748161,'2021-05-03 01:12:42','2021-05-03 01:12:42'),
(1388889192038510596,1388889175722668034,1195350831744782337,'2021-05-03 01:12:42','2021-05-03 01:12:42'),
(1388889192038510597,1388889175722668034,1195350919074385921,'2021-05-03 01:12:42','2021-05-03 01:12:42'),
(1388889192038510598,1388889175722668034,1387139055435984898,'2021-05-03 01:12:42','2021-05-03 01:12:42'),
(1388889192038510599,1388889175722668034,1387140383394574338,'2021-05-03 01:12:42','2021-05-03 01:12:42'),
(1388889192038510600,1388889175722668034,1388888482584571906,'2021-05-03 01:12:42','2021-05-03 01:12:42'),
(1388889192038510601,1388889175722668034,1195351020463296513,'2021-05-03 01:12:42','2021-05-03 01:12:42'),
(1388889192038510602,1388889175722668034,1387136387766366209,'2021-05-03 01:12:42','2021-05-03 01:12:42'),
(1388889192046899202,1388889175722668034,1387136901270810625,'2021-05-03 01:12:42','2021-05-03 01:12:42'),
(1388889192046899203,1388889175722668034,1387138531361894401,'2021-05-03 01:12:42','2021-05-03 01:12:42'),
(1389573180377837569,1388889175722668034,1388888482584571908,'2021-05-04 22:30:38','2021-05-04 22:30:38'),
(1389573180398809089,1388889175722668034,1389572611613437954,'2021-05-04 22:30:38','2021-05-04 22:30:38'),
(1389573180398809090,1388889175722668034,1389572732623302658,'2021-05-04 22:30:38','2021-05-04 22:30:38'),
(1389573180398809091,1388889175722668034,1389572944498569217,'2021-05-04 22:30:38','2021-05-04 22:30:38'),
(1389573180407197698,1388889175722668034,1389573093866123266,'2021-05-04 22:30:38','2021-05-04 22:30:38');

/*Table structure for table `acl_user` */

DROP TABLE IF EXISTS `acl_user`;

CREATE TABLE `acl_user` (
  `id` bigint NOT NULL COMMENT '会员id',
  `username` varchar(20) CHARACTER SET utf8mb4 COLLATE utf8mb4_0900_ai_ci NOT NULL DEFAULT '' COMMENT '用户名',
  `password` varchar(32) NOT NULL DEFAULT '' COMMENT '密码',
  `nick_name` varchar(50) DEFAULT NULL COMMENT '昵称',
  `avatar` varchar(255) CHARACTER SET utf8mb4 COLLATE utf8mb4_0900_ai_ci DEFAULT 'https://wpimg.wallstcn.com/f778738c-e4f8-4870-b634-56703b4acafe.gif?imageView2/1/w/80/h/80' COMMENT '用户头像',
  `is_deleted` tinyint unsigned NOT NULL DEFAULT '0' COMMENT '逻辑删除 1（true）已删除， 0（false）未删除',
  `gmt_create` datetime NOT NULL COMMENT '创建时间',
  `gmt_modified` datetime NOT NULL COMMENT '更新时间',
  PRIMARY KEY (`id`),
  UNIQUE KEY `uk_username` (`username`)
) ENGINE=InnoDB DEFAULT CHARSET=utf8mb4 COLLATE=utf8mb4_0900_ai_ci COMMENT='用户表';

/*Data for the table `acl_user` */

insert  into `acl_user`(`id`,`username`,`password`,`nick_name`,`avatar`,`is_deleted`,`gmt_create`,`gmt_modified`) values 
(1387103687210811394,'andochiwa','8d2734586ed339c8388e81ebeff18d1a','andochiwa','https://my-online-education-project.oss-cn-beijing.aliyuncs.com/2021/04/28/a8206a89608c45e197b09e32f1f2349f4.jpg',0,'2021-04-28 02:57:45','2021-04-28 02:57:45'),
(1388897736636870658,'tourist','96e79218965eb72c92a549dd5a330112','游客','https://wpimg.wallstcn.com/f778738c-e4f8-4870-b634-56703b4acafe.gif?imageView2/1/w/80/h/80',0,'2021-05-03 01:46:40','2021-05-03 01:46:40'),
(1389598987540279297,'null','96e79218965eb72c92a549dd5a330112','null','https://wpimg.wallstcn.com/f778738c-e4f8-4870-b634-56703b4acafe.gif?imageView2/1/w/80/h/80',1,'2021-05-05 00:13:11','2021-05-05 00:13:11'),
(1408501511458488321,'teacher','96e79218965eb72c92a549dd5a330112','teacher','https://wpimg.wallstcn.com/f778738c-e4f8-4870-b634-56703b4acafe.gif?imageView2/1/w/80/h/80',0,'2021-06-26 04:05:04','2021-06-26 04:05:04'),
(1408501588407189506,'course','96e79218965eb72c92a549dd5a330112','course','https://wpimg.wallstcn.com/f778738c-e4f8-4870-b634-56703b4acafe.gif?imageView2/1/w/80/h/80',0,'2021-06-26 04:05:22','2021-06-26 04:05:22');

/*Table structure for table `acl_user_role` */

DROP TABLE IF EXISTS `acl_user_role`;

CREATE TABLE `acl_user_role` (
  `id` bigint NOT NULL COMMENT '主键id',
  `role_id` bigint NOT NULL DEFAULT '0' COMMENT '角色id',
  `user_id` bigint NOT NULL DEFAULT '0' COMMENT '用户id',
  `gmt_create` datetime NOT NULL COMMENT '创建时间',
  `gmt_modified` datetime NOT NULL COMMENT '更新时间',
  PRIMARY KEY (`id`),
  KEY `idx_role_id` (`role_id`),
  KEY `idx_user_id` (`user_id`)
) ENGINE=InnoDB DEFAULT CHARSET=utf8;

/*Data for the table `acl_user_role` */

insert  into `acl_user_role`(`id`,`role_id`,`user_id`,`gmt_create`,`gmt_modified`) values 
(1388897791582253057,1388889175722668034,1387103687210811394,'2021-05-03 01:46:53','2021-05-03 01:46:53'),
(1388898423370264578,1,1388897736636870658,'2021-05-03 01:49:23','2021-05-03 01:49:23'),
(1388965734911422465,1388889017454800898,1388897736636870658,'2021-05-03 06:16:52','2021-05-03 06:16:52'),
(1408501511781449729,1,1408501511458488321,'2021-06-26 04:05:04','2021-06-26 04:05:04'),
(1408501553946787841,1388888095714553857,1408501511458488321,'2021-06-26 04:05:14','2021-06-26 04:05:14'),
(1408501588411383809,1,1408501588407189506,'2021-06-26 04:05:22','2021-06-26 04:05:22'),
(1408501615254929409,1193757683205607426,1408501588407189506,'2021-06-26 04:05:28','2021-06-26 04:05:28'),
(1408501615254929410,1388887922154254337,1408501588407189506,'2021-06-26 04:05:28','2021-06-26 04:05:28');

/*Table structure for table `crm_banner` */

DROP TABLE IF EXISTS `crm_banner`;

CREATE TABLE `crm_banner` (
  `id` bigint NOT NULL COMMENT 'ID',
  `title` varchar(20) DEFAULT '' COMMENT '标题',
  `image_url` varchar(500) NOT NULL DEFAULT '' COMMENT '图片地址',
  `link_url` varchar(500) DEFAULT '' COMMENT '链接地址',
  `sort` int unsigned NOT NULL DEFAULT '0' COMMENT '排序',
  `is_deleted` tinyint unsigned NOT NULL DEFAULT '0' COMMENT '逻辑删除 1（true）已删除， 0（false）未删除',
  `gmt_create` datetime NOT NULL COMMENT '创建时间',
  `gmt_modified` datetime NOT NULL COMMENT '更新时间',
  PRIMARY KEY (`id`),
  UNIQUE KEY `uk_name` (`title`)
) ENGINE=InnoDB DEFAULT CHARSET=utf8mb4 COLLATE=utf8mb4_0900_ai_ci COMMENT='首页banner表';

/*Data for the table `crm_banner` */

insert  into `crm_banner`(`id`,`title`,`image_url`,`link_url`,`sort`,`is_deleted`,`gmt_create`,`gmt_modified`) values 
(1194556896025845762,'Java','https://my-online-education-project.oss-cn-beijing.aliyuncs.com/2021/05/03/dd3f5e475f804900b5b70533ea32a80fu%3D419759217%2C2052875907%26fm%3D26%26gp%3D0.jpg','/course/1389172103958577154',1,0,'2021-05-04 01:19:10','2021-05-04 01:19:14'),
(1194607458461216769,'C++','https://my-online-education-project.oss-cn-beijing.aliyuncs.com/2021/05/03/e02259dcfb244936a9ecae3db3377970safjkalsfj.jpg','/course/1389181626911899650',2,0,'2021-05-04 01:19:17','2021-05-04 01:19:20'),
(1194607458461216770,'Golang','https://my-online-education-project.oss-cn-beijing.aliyuncs.com/2021/05/03/3dc5bbacc2ea4f9fa8e1cf9e73ab4f0cgo.png','/course/1389184259991093249',0,0,'2021-05-04 01:20:50','2021-05-04 01:20:52');

/*Table structure for table `edu_chapter` */

DROP TABLE IF EXISTS `edu_chapter`;

CREATE TABLE `edu_chapter` (
  `id` bigint NOT NULL COMMENT '章节ID',
  `course_id` bigint NOT NULL COMMENT '课程ID',
  `title` varchar(50) NOT NULL COMMENT '章节名称',
  `sort` int unsigned NOT NULL DEFAULT '0' COMMENT '显示排序',
  `gmt_create` datetime NOT NULL COMMENT '创建时间',
  `gmt_modified` datetime NOT NULL COMMENT '更新时间',
  PRIMARY KEY (`id`),
  KEY `idx_course_id` (`course_id`)
) ENGINE=InnoDB DEFAULT CHARSET=utf8mb4 COLLATE=utf8mb4_0900_ai_ci ROW_FORMAT=COMPACT COMMENT='课程';

/*Data for the table `edu_chapter` */

insert  into `edu_chapter`(`id`,`course_id`,`title`,`sort`,`gmt_create`,`gmt_modified`) values 
(1389172225111048193,1389172103958577154,'Collection',2,'2021-05-03 19:57:23','2021-05-03 19:57:23'),
(1389172308770635777,1389172103958577154,'network programming',0,'2021-05-03 19:57:43','2021-05-03 19:57:43'),
(1389172335123447809,1389172103958577154,'reflection',0,'2021-05-03 19:57:49','2021-05-03 19:57:49'),
(1389172405872967682,1389172103958577154,'multi thread',0,'2021-05-03 19:58:06','2021-05-03 19:58:06'),
(1389173539702390785,1389173328695345153,'socket',0,'2021-05-03 20:02:36','2021-05-03 20:02:36'),
(1389173583126020098,1389173328695345153,'annotation',0,'2021-05-03 20:02:46','2021-05-03 20:02:46'),
(1389174806294118402,1389174610520784898,'IOC',0,'2021-05-03 20:07:38','2021-05-03 20:07:38'),
(1389174819871080449,1389174610520784898,'AOP',0,'2021-05-03 20:07:41','2021-05-03 20:07:41'),
(1389174841303973890,1389174610520784898,'Annotation',0,'2021-05-03 20:07:46','2021-05-03 20:07:46'),
(1389174902494674946,1389174610520784898,'dynamic proxy',0,'2021-05-03 20:08:01','2021-05-03 20:08:01'),
(1389179065291063298,1389179037784817666,'nacos',0,'2021-05-03 20:24:34','2021-05-03 20:24:34'),
(1389179079111294977,1389179037784817666,'sentinel',0,'2021-05-03 20:24:37','2021-05-03 20:24:37'),
(1389179091408994305,1389179037784817666,'gateway',0,'2021-05-03 20:24:40','2021-05-03 20:24:40'),
(1389179154269028354,1389179037784817666,'seata',0,'2021-05-03 20:24:55','2021-05-03 20:24:55'),
(1389181685443411970,1389181626911899650,'oop',0,'2021-05-03 20:34:58','2021-05-03 20:34:58'),
(1389181736018329602,1389181626911899650,'STL',0,'2021-05-03 20:35:10','2021-05-03 20:35:10'),
(1389181763428106241,1389181626911899650,'template',0,'2021-05-03 20:35:17','2021-05-03 20:35:17'),
(1389182897253335041,1389182832740745218,'keyword',0,'2021-05-03 20:39:47','2021-05-03 20:39:47'),
(1389183125108899842,1389182832740745218,'Concepts',0,'2021-05-03 20:40:41','2021-05-03 20:40:41'),
(1389184348809674754,1389184259991093249,'set',0,'2021-05-03 20:45:33','2021-05-03 20:45:33'),
(1389184389716721666,1389184259991093249,'goroutine',0,'2021-05-03 20:45:43','2021-05-03 20:45:43'),
(1389184552761901058,1389184259991093249,'Closure',0,'2021-05-03 20:46:22','2021-05-03 20:46:22'),
(1389184877476528129,1389184771226419201,'Functional Programming',0,'2021-05-03 20:47:39','2021-05-03 20:47:39'),
(1389184923156692993,1389184771226419201,'OOP',0,'2021-05-03 20:47:50','2021-05-03 20:47:50'),
(1389184953154355202,1389184771226419201,'IO',0,'2021-05-03 20:47:57','2021-05-03 20:47:57'),
(1389185256570306562,1389185170943590402,'QuerySet Api',0,'2021-05-03 20:49:10','2021-05-03 20:49:10'),
(1389188318382866433,1389188244919631874,'Component',0,'2021-05-03 21:01:20','2021-05-03 21:01:20'),
(1389188332718997505,1389188244919631874,'Module',0,'2021-05-03 21:01:23','2021-05-03 21:01:23'),
(1389188756985430018,1389188730083164161,'Router',0,'2021-05-03 21:03:04','2021-05-03 21:03:04'),
(1389189139455623169,1389189010619187202,'grammar',0,'2021-05-03 21:04:35','2021-05-03 21:04:35'),
(1389189151887540225,1389189010619187202,'features',0,'2021-05-03 21:04:38','2021-05-03 21:04:38'),
(1389189505542864897,1389189470793056257,'command',0,'2021-05-03 21:06:03','2021-05-03 21:06:03'),
(1389189606973718530,1389189470793056257,'network-switch',0,'2021-05-03 21:06:27','2021-05-03 21:06:27'),
(1389190208835371010,1389190136257134594,'command',0,'2021-05-03 21:08:50','2021-05-03 21:08:50'),
(1389190226782797825,1389190136257134594,'file system',0,'2021-05-03 21:08:55','2021-05-03 21:08:55'),
(1389190258617565185,1389190136257134594,'source code',0,'2021-05-03 21:09:02','2021-05-03 21:09:02'),
(1389190672092053505,1389190652722757634,'SQL',0,'2021-05-03 21:10:41','2021-05-03 21:10:41'),
(1389190685627072514,1389190652722757634,'Index',0,'2021-05-03 21:10:44','2021-05-03 21:10:44'),
(1389190700747538434,1389190652722757634,'Lock',0,'2021-05-03 21:10:48','2021-05-03 21:10:48'),
(1389192748515803138,1389192645436588033,'principle',0,'2021-05-03 21:18:56','2021-05-03 21:18:56'),
(1389193529432293378,1389193497798852609,'asynchronous',0,'2021-05-03 21:22:02','2021-05-03 21:22:02'),
(1389193733841698817,1389193701063213057,'Vue-cli',0,'2021-05-03 21:22:51','2021-05-03 21:22:51'),
(1389194125300285442,1389194107529019394,'Nuxt',0,'2021-05-03 21:24:24','2021-05-03 21:24:24'),
(1389195943921139713,1389195768255299585,'NoSQL',0,'2021-05-03 21:31:38','2021-05-03 21:31:38'),
(1389196019296976897,1389195768255299585,'Replica Set',0,'2021-05-03 21:31:56','2021-05-03 21:31:56'),
(1389196031540150273,1389195768255299585,'Index',0,'2021-05-03 21:31:59','2021-05-03 21:31:59'),
(1389196479416320002,1389196447313117186,'Channel',0,'2021-05-03 21:33:45','2021-05-03 21:33:45'),
(1389196543341707265,1389196447313117186,'Features',0,'2021-05-03 21:34:01','2021-05-03 21:34:01'),
(1389197000839610369,1389196834980052993,'Protocol',0,'2021-05-03 21:35:50','2021-05-03 21:35:50'),
(1389197016736022530,1389196834980052993,'JMS',0,'2021-05-03 21:35:53','2021-05-03 21:35:53'),
(1389197047211835394,1389196834980052993,'dead-message-queue',0,'2021-05-03 21:36:01','2021-05-03 21:36:01'),
(1389198206756536322,1389198099671760898,'Grammar',0,'2021-05-03 21:40:37','2021-05-03 21:40:37'),
(1389198241225326593,1389198099671760898,'Data Structure',0,'2021-05-03 21:40:45','2021-05-03 21:40:45'),
(1389202217832366081,1389202151373619202,'Grammar',0,'2021-05-03 21:56:34','2021-05-03 21:56:34'),
(1389202232944443394,1389202151373619202,'Features',0,'2021-05-03 21:56:37','2021-05-03 21:56:37'),
(1389203634341101569,1389203599444492290,'Features',0,'2021-05-03 22:02:11','2021-05-03 22:02:11'),
(1389205486373781505,1389205466488586241,'Master',0,'2021-05-03 22:09:33','2021-05-03 22:09:33'),
(1389205503004196865,1389205466488586241,'Node',0,'2021-05-03 22:09:37','2021-05-03 22:09:37'),
(1389205522327355393,1389205466488586241,'Cluster',0,'2021-05-03 22:09:41','2021-05-03 22:09:41'),
(1389205804432048129,1389205785255690241,'SQL',0,'2021-05-03 22:10:49','2021-05-03 22:10:49'),
(1389205820257157122,1389205785255690241,'Index',0,'2021-05-03 22:10:52','2021-05-03 22:10:52'),
(1389206380251267074,1389206145881948162,'Distribution',0,'2021-05-03 22:13:06','2021-05-03 22:13:06'),
(1389206429421092866,1389206145881948162,'Cluster',0,'2021-05-03 22:13:18','2021-05-03 22:13:18'),
(1389206707201458178,1389206675748372481,'Features',0,'2021-05-03 22:14:24','2021-05-03 22:14:24');

/*Table structure for table `edu_comment` */

DROP TABLE IF EXISTS `edu_comment`;

CREATE TABLE `edu_comment` (
  `id` bigint NOT NULL COMMENT 'id',
  `course_id` varchar(19) NOT NULL DEFAULT '' COMMENT '课程id',
  `parent_id` bigint NOT NULL DEFAULT '0' COMMENT '父id(回复)',
  `member_id` varchar(19) CHARACTER SET utf8mb4 COLLATE utf8mb4_0900_ai_ci NOT NULL DEFAULT '' COMMENT '用户id',
  `nickname` varchar(50) CHARACTER SET utf8mb4 COLLATE utf8mb4_0900_ai_ci DEFAULT NULL COMMENT '用户昵称',
  `avatar` varchar(255) CHARACTER SET utf8mb4 COLLATE utf8mb4_0900_ai_ci DEFAULT NULL COMMENT '用户头像',
  `content` varchar(500) DEFAULT NULL COMMENT '评论内容',
  `is_deleted` tinyint unsigned NOT NULL DEFAULT '0' COMMENT '逻辑删除 1（true）已删除， 0（false）未删除',
  `gmt_create` datetime NOT NULL COMMENT '创建时间',
  `gmt_modified` datetime NOT NULL COMMENT '更新时间',
  PRIMARY KEY (`id`),
  KEY `idx_course_id` (`course_id`),
  KEY `idx_member_id` (`member_id`),
  KEY `idx_teacher_id` (`parent_id`)
) ENGINE=InnoDB DEFAULT CHARSET=utf8mb4 COLLATE=utf8mb4_0900_ai_ci COMMENT='评论';

/*Data for the table `edu_comment` */

insert  into `edu_comment`(`id`,`course_id`,`parent_id`,`member_id`,`nickname`,`avatar`,`content`,`is_deleted`,`gmt_create`,`gmt_modified`) values 
(1389540182467092482,'1389172103958577154',0,'1389252345624576002','Andochiwa','https://avatars.githubusercontent.com/u/67818237?v=4','hi',0,'2021-05-04 20:19:31','2021-05-04 20:19:31'),
(1389540202209681409,'1389172103958577154',1389540182467092482,'1389252345624576002','Andochiwa','https://avatars.githubusercontent.com/u/67818237?v=4','hello',0,'2021-05-04 20:19:35','2021-05-04 20:19:35');

/*Table structure for table `edu_course` */

DROP TABLE IF EXISTS `edu_course`;

CREATE TABLE `edu_course` (
  `id` bigint NOT NULL COMMENT '课程ID',
  `teacher_id` bigint NOT NULL DEFAULT '0' COMMENT '课程讲师ID',
  `subject_id` bigint NOT NULL DEFAULT '0' COMMENT '课程专业ID',
  `subject_parent_id` bigint NOT NULL DEFAULT '0' COMMENT '课程专业父级ID',
  `title` varchar(50) NOT NULL COMMENT '课程标题',
  `price` decimal(10,2) unsigned NOT NULL DEFAULT '0.00' COMMENT '课程销售价格，设置为0则可免费观看',
  `lesson_num` int unsigned NOT NULL DEFAULT '0' COMMENT '总课时',
  `cover` varchar(255) CHARACTER SET utf8 COLLATE utf8_general_ci DEFAULT NULL COMMENT '课程封面图片路径',
  `buy_count` bigint unsigned NOT NULL DEFAULT '0' COMMENT '销售数量',
  `view_count` bigint unsigned NOT NULL DEFAULT '0' COMMENT '浏览数量',
  `version` bigint unsigned NOT NULL DEFAULT '1' COMMENT '乐观锁',
  `status` varchar(10) NOT NULL DEFAULT 'Draft' COMMENT '课程状态 Draft未发布  Normal已发布',
  `is_deleted` tinyint DEFAULT '0' COMMENT '逻辑删除 1（true）已删除， 0（false）未删除',
  `gmt_create` datetime NOT NULL COMMENT '创建时间',
  `gmt_modified` datetime NOT NULL COMMENT '更新时间',
  PRIMARY KEY (`id`),
  KEY `idx_title` (`title`),
  KEY `idx_subject_id` (`subject_id`),
  KEY `idx_teacher_id` (`teacher_id`)
) ENGINE=InnoDB DEFAULT CHARSET=utf8mb4 COLLATE=utf8mb4_0900_ai_ci ROW_FORMAT=COMPACT COMMENT='课程';

/*Data for the table `edu_course` */

insert  into `edu_course`(`id`,`teacher_id`,`subject_id`,`subject_parent_id`,`title`,`price`,`lesson_num`,`cover`,`buy_count`,`view_count`,`version`,`status`,`is_deleted`,`gmt_create`,`gmt_modified`) values 
(1389172103958577154,1388933510056996865,1380216822119694338,1380216821620572161,'JavaSE',0.00,6,'https://my-online-education-project.oss-cn-beijing.aliyuncs.com/2021/05/03/dd3f5e475f804900b5b70533ea32a80fu%3D419759217%2C2052875907%26fm%3D26%26gp%3D0.jpg',0,33,1,'Normal',0,'2021-05-03 19:56:54','2021-05-03 19:58:51'),
(1389173328695345153,1388936503816974337,1380216822119694338,1380216821620572161,'javaEE',2.00,6,'https://my-online-education-project.oss-cn-beijing.aliyuncs.com/2021/05/03/2a87cf688f9c4395b46dfbd87f4210a8u=4054347203,639861629&fm=26&gp=0.gif',1,29,1,'Normal',0,'2021-05-03 20:01:46','2021-05-03 20:03:10'),
(1389174610520784898,1388936857354858497,1380216822119694338,1380216821620572161,'spring framework',0.00,5,'https://my-online-education-project.oss-cn-beijing.aliyuncs.com/2021/05/03/24cf79f5b5234ad0b16681a2c64864c5u%3D1386741497%2C1690022462%26fm%3D26%26gp%3D0.jpg',0,10,1,'Normal',0,'2021-05-03 20:06:51','2021-05-03 20:09:19'),
(1389179037784817666,1388937696752529410,1380216822119694338,1380216821620572161,'Spring Cloud',4.00,4,'https://my-online-education-project.oss-cn-beijing.aliyuncs.com/2021/05/03/f78af7e8ecf348ceb5b928bda6094bbdsrc=http___static.zuidemo.com_upload_image_201810_8cc35820-6277-4b11-8273-bb051bb469e0_large.jpg&refer=http___static.zuidemo.jpg',1,45,1,'Normal',0,'2021-05-03 20:24:27','2021-05-03 20:25:11'),
(1389181626911899650,1388938391253774335,1380216822732062721,1380216821620572161,'C++',50.00,2,'https://my-online-education-project.oss-cn-beijing.aliyuncs.com/2021/05/03/e02259dcfb244936a9ecae3db3377970safjkalsfj.jpg',1,13,1,'Normal',0,'2021-05-03 20:34:44','2021-05-03 20:35:34'),
(1389182832740745218,1388938391253774336,1380216822732062721,1380216821620572161,'C++17',0.00,4,'https://my-online-education-project.oss-cn-beijing.aliyuncs.com/2021/05/03/2fbf988297614338a05c99ddebe07a33cpp.jpg',0,3,1,'Normal',0,'2021-05-03 20:39:32','2021-05-03 20:40:48'),
(1389184259991093249,1388938391253774337,1380216823461871617,1380216821620572161,'golang',3.00,5,'https://my-online-education-project.oss-cn-beijing.aliyuncs.com/2021/05/03/3dc5bbacc2ea4f9fa8e1cf9e73ab4f0cgo.png',1,16,1,'Normal',0,'2021-05-03 20:45:12','2021-05-03 20:46:43'),
(1389184771226419201,1388939126271995905,1388897584278761473,1380216821620572161,'python',0.00,2,'https://my-online-education-project.oss-cn-beijing.aliyuncs.com/2021/05/03/123df76fe622469cad14e3130ba91888Python.png',0,1,1,'Normal',0,'2021-05-03 20:47:14','2021-05-03 20:48:05'),
(1389185170943590402,1388939126271995906,1388897584278761473,1380216821620572161,'django',3.00,2,'https://my-online-education-project.oss-cn-beijing.aliyuncs.com/2021/05/03/9696cb22de5c41e2a31fb713dd1fa5cadjango-icatch-r.png',0,3,1,'Normal',0,'2021-05-03 20:48:49','2021-05-03 20:49:28'),
(1389188244919631874,1388939437527101441,1380216824942460930,1380216824040685570,'Vue',3.00,3,'https://my-online-education-project.oss-cn-beijing.aliyuncs.com/2021/05/03/01c866761b0a4b2d94d82ec37a4088c9u=3188406861,2602574171&fm=26&gp=0.jpg',0,1,1,'Normal',0,'2021-05-03 21:01:02','2021-05-03 21:02:13'),
(1389188730083164161,1388940136608526338,1380216824942460930,1380216824040685570,'Vue Router',7.00,5,'https://my-online-education-project.oss-cn-beijing.aliyuncs.com/2021/05/03/f518ff6b41cf4c11affd4182a6c8d1c5u=1300146589,158997046&fm=26&gp=0.jpg',0,0,1,'Normal',0,'2021-05-03 21:02:58','2021-05-03 21:03:20'),
(1389189010619187202,1388940659441102850,1380216825936510977,1380216824040685570,'JQuery',0.00,3,'https://my-online-education-project.oss-cn-beijing.aliyuncs.com/2021/05/03/e2be62fc271249c19b7ca7ef0f16b0d2u=4243152510,3375696239&fm=26&gp=0.jpg',0,0,1,'Normal',0,'2021-05-03 21:04:05','2021-05-03 21:04:49'),
(1389189470793056257,1388940899934105602,1380216827647787010,1380216827014447106,'docker',4.00,3,'https://my-online-education-project.oss-cn-beijing.aliyuncs.com/2021/05/03/91a5d4dee42f4f8a9fc9b107391fdc5bdocker-eyecatch-960x504.png',1,1,1,'Normal',0,'2021-05-03 21:05:54','2021-05-03 21:06:40'),
(1389190136257134594,1388942003006697473,1380216828176269313,1380216827014447106,'Linux',2.00,3,'https://my-online-education-project.oss-cn-beijing.aliyuncs.com/2021/05/03/0887f22606f845cf9883c38f5a4706fclinux-7.png',0,1,1,'Normal',0,'2021-05-03 21:08:33','2021-05-03 21:09:26'),
(1389190652722757634,1388942344624369665,1380216829287759873,1380216828763471873,'MySQL',7.00,4,'https://my-online-education-project.oss-cn-beijing.aliyuncs.com/2021/05/03/2b51218378e1409a86858bae2f6bdef81024px-MySQL.ff87215b43fd7292af172e2a5d9b844217262571.png',0,1,1,'Normal',0,'2021-05-03 21:10:36','2021-05-03 21:11:15'),
(1389192645436588033,1388942724175327233,1380216822119694338,1380216821620572161,'Seata',9.00,3,'https://my-online-education-project.oss-cn-beijing.aliyuncs.com/2021/05/03/cecf08894b1643d0a79b5b49bd26d346u=449400955,1923468352&fm=26&gp=0.jpg',0,0,1,'Normal',0,'2021-05-03 21:18:31','2021-05-03 21:19:14'),
(1389193497798852609,1388943139281399810,1380216824942460930,1380216824040685570,'Axios',0.00,3,'https://my-online-education-project.oss-cn-beijing.aliyuncs.com/2021/05/03/3ef276234a454295901c0c013f1e5876Axios-logo.png',0,0,1,'Normal',0,'2021-05-03 21:21:54','2021-05-03 21:22:08'),
(1389193701063213057,1388951522264838146,1380216824942460930,1380216824040685570,'Vue-cli',3.00,4,'https://my-online-education-project.oss-cn-beijing.aliyuncs.com/2021/05/03/a6c29a5f97ca4a61a019ec85f319221au=52606248,1420246180&fm=26&gp=0.jpg',0,0,1,'Normal',0,'2021-05-03 21:22:43','2021-05-03 21:23:00'),
(1389194107529019394,1388933510056996865,1380216824942460930,1380216824040685570,'Nuxt',2.00,2,'https://my-online-education-project.oss-cn-beijing.aliyuncs.com/2021/05/03/f9caa5f281ed47c799cde8db08e4ba2du=4839449,2967594979&fm=26&gp=0.jpg',0,1,1,'Normal',0,'2021-05-03 21:24:20','2021-05-03 21:24:30'),
(1389195768255299585,1388936503816974337,1380216830063706114,1380216828763471873,'mongoDB',5.00,3,'https://my-online-education-project.oss-cn-beijing.aliyuncs.com/2021/05/03/3f60d0601aa8429cb84dd178165d4f80MongoDB-logo.png',0,2,1,'Normal',0,'2021-05-03 21:30:56','2021-05-03 21:32:19'),
(1389196447313117186,1388936857354858497,1380216831422660609,1380216830789320705,'RabbitMQ',4.00,3,'https://my-online-education-project.oss-cn-beijing.aliyuncs.com/2021/05/03/8cb7a9713bd145c784edbdcde3023c6erabbitmq.png',0,2,1,'Normal',0,'2021-05-03 21:33:38','2021-05-03 21:34:14'),
(1389196834980052993,1388937696752529410,1380216831951142913,1380216830789320705,'ActiveMQ',14.00,4,'https://my-online-education-project.oss-cn-beijing.aliyuncs.com/2021/05/03/fbdede3b1306455c94852a2df14f409eApache_ActiveMQ_Project_Logo_1.svg.png',0,0,1,'Normal',0,'2021-05-03 21:35:10','2021-05-03 21:36:19'),
(1389198099671760898,1388938391253774335,1387505182037110786,1380216828763471873,'Redis',6.00,3,'https://my-online-education-project.oss-cn-beijing.aliyuncs.com/2021/05/03/4a19fb6369914a6cad360abfc181bacc534d2e7a9cff4a1a7e9553dd7dedd10c.png',0,1,1,'Normal',0,'2021-05-03 21:40:12','2021-05-03 21:41:00'),
(1389202151373619202,1388938391253774336,1388897584819826689,1380216824040685570,'JavaScript',5.00,3,'https://my-online-education-project.oss-cn-beijing.aliyuncs.com/2021/05/03/8aecb9f8feac41378c91bbfafdfe5507javascript-960x504.png',0,6,1,'Normal',0,'2021-05-03 21:56:18','2021-05-03 21:56:53'),
(1389203599444492290,1388938391253774337,1388897585331531778,1380216824040685570,'React',4.00,3,'https://my-online-education-project.oss-cn-beijing.aliyuncs.com/2021/05/03/1aaf8f29905b46af9c8d1235bf8340f11_yjH3SiDaVWtpBX0g_2q68g.png',0,0,1,'Normal',0,'2021-05-03 22:02:03','2021-05-03 22:02:19'),
(1389205466488586241,1388933510056996865,1388897585851625473,1380216827014447106,'Kubernetes',14.00,4,'https://my-online-education-project.oss-cn-beijing.aliyuncs.com/2021/05/03/80e7996f6db448d386ca78099c1a3accKubernetes-logo-1.png',0,2,1,'Normal',0,'2021-05-03 22:09:28','2021-05-03 22:09:58'),
(1389205785255690241,1388939126271995905,1388897586493353986,1380216828763471873,'PostgreSQL',6.00,3,'https://my-online-education-project.oss-cn-beijing.aliyuncs.com/2021/05/03/e94a167aff974454b2ecc1be59116600postgresql-1200x630-960x504.png',0,0,1,'Normal',0,'2021-05-03 22:10:44','2021-05-03 22:11:00'),
(1389206145881948162,1388938391253774337,1388897588829581314,1380216830789320705,'Kafka',6.00,3,'https://my-online-education-project.oss-cn-beijing.aliyuncs.com/2021/05/03/32f0ca5854e04419b4e34c1ba0c3439dossinfo_icon_apachekafka.jpg',0,0,1,'Normal',0,'2021-05-03 22:12:10','2021-05-03 22:13:31'),
(1389206675748372481,1388938391253774336,1388897590125621249,1380216830789320705,'RocketMQ',6.00,3,'https://my-online-education-project.oss-cn-beijing.aliyuncs.com/2021/05/03/fb2fc097fc5b408588e57d7a76f9196eEFrLiBxW4AAQCLR.jpg',0,1,1,'Normal',0,'2021-05-03 22:14:16','2021-05-03 22:14:31'),
(1389600080051613698,1388939437527101441,1388897586493353986,1380216828763471873,'苹果',2.00,4,'',0,1,1,'Normal',1,'2021-05-05 00:17:31','2021-05-05 00:18:22');

/*Table structure for table `edu_course_description` */

DROP TABLE IF EXISTS `edu_course_description`;

CREATE TABLE `edu_course_description` (
  `id` bigint NOT NULL COMMENT '课程ID',
  `description` text COMMENT '课程简介',
  `gmt_create` datetime NOT NULL COMMENT '创建时间',
  `gmt_modified` datetime NOT NULL COMMENT '更新时间',
  PRIMARY KEY (`id`)
) ENGINE=InnoDB DEFAULT CHARSET=utf8mb4 COLLATE=utf8mb4_0900_ai_ci COMMENT='课程简介';

/*Data for the table `edu_course_description` */

insert  into `edu_course_description`(`id`,`description`,`gmt_create`,`gmt_modified`) values 
(1389172103958577154,'<p>java基础，包括集合，多线程，网络编程，反射等</p>','2021-05-03 19:56:54','2021-05-03 19:56:54'),
(1389173328695345153,'<p>javaEE programming</p>','2021-05-03 20:01:46','2021-05-03 20:01:46'),
(1389174610520784898,'<p>spring5 programming</p>','2021-05-03 20:06:51','2021-05-03 20:06:51'),
(1389179037784817666,'<p>spring cloud &amp; spring cloud alibaba</p>','2021-05-03 20:24:27','2021-05-03 20:24:27'),
(1389181626911899650,'<p>C++ programming</p>','2021-05-03 20:34:44','2021-05-03 20:34:44'),
(1389182832740745218,'<p>c++17 features</p>','2021-05-03 20:39:32','2021-05-03 20:39:32'),
(1389184259991093249,'<p>golang programming</p>','2021-05-03 20:45:12','2021-05-03 20:45:12'),
(1389184771226419201,'<p>python programming</p>','2021-05-03 20:47:14','2021-05-03 20:47:14'),
(1389185170943590402,'<p>python django</p>','2021-05-03 20:48:49','2021-05-03 20:48:49'),
(1389188244919631874,'<p>Vue Programming</p>','2021-05-03 21:01:02','2021-05-03 21:01:02'),
(1389188730083164161,'<p>Vue Router Programming</p>','2021-05-03 21:02:58','2021-05-03 21:02:58'),
(1389189010619187202,'<p>JQuery Programming</p>','2021-05-03 21:04:05','2021-05-03 21:04:05'),
(1389189470793056257,'<p>virtual machine - docker</p>','2021-05-03 21:05:54','2021-05-03 21:05:54'),
(1389190136257134594,'<p>Linux</p>','2021-05-03 21:08:33','2021-05-03 21:08:33'),
(1389190652722757634,'<p>MySQL Features</p>','2021-05-03 21:10:36','2021-05-03 21:10:36'),
(1389192645436588033,'<p>distributed transaction - seata</p>','2021-05-03 21:18:31','2021-05-03 21:18:31'),
(1389193497798852609,'<p>Axios Asynchronous Request</p>','2021-05-03 21:21:55','2021-05-03 21:21:55'),
(1389193701063213057,'<p>Vue-cli Programming</p>','2021-05-03 21:22:43','2021-05-03 21:22:43'),
(1389194107529019394,'<p>Nuxt</p>','2021-05-03 21:24:20','2021-05-03 21:24:20'),
(1389195768255299585,'<p>mongoDB Programming</p>','2021-05-03 21:30:56','2021-05-03 21:30:56'),
(1389196447313117186,'<p>RabbitMQ Message Queue</p>','2021-05-03 21:33:38','2021-05-03 21:33:38'),
(1389196834980052993,'<p>ActiveMQ Message Queue</p>','2021-05-03 21:35:10','2021-05-03 21:35:10'),
(1389198099671760898,'<p>Redis NoSQL</p>','2021-05-03 21:40:12','2021-05-03 21:40:12'),
(1389200750106984450,'<p>Python Programming</p>','2021-05-03 21:50:44','2021-05-03 21:50:44'),
(1389202151373619202,'<p>JavaScript Programming</p>','2021-05-03 21:56:18','2021-05-03 21:56:18'),
(1389203599444492290,'<p>React Programming</p>','2021-05-03 22:02:03','2021-05-03 22:02:03'),
(1389205466488586241,'<p>K8s container</p>','2021-05-03 22:09:28','2021-05-03 22:09:28'),
(1389205785255690241,'<p>PostgreSQL databases</p>','2021-05-03 22:10:44','2021-05-03 22:10:44'),
(1389206145881948162,'<p>Kafka Message Queue</p>','2021-05-03 22:12:10','2021-05-03 22:12:19'),
(1389206675748372481,'<p>RocketMQ Message Queue</p>','2021-05-03 22:14:16','2021-05-03 22:14:16');

/*Table structure for table `edu_subject` */

DROP TABLE IF EXISTS `edu_subject`;

CREATE TABLE `edu_subject` (
  `id` bigint NOT NULL COMMENT '课程类别ID',
  `title` varchar(10) NOT NULL COMMENT '类别名称',
  `parent_id` bigint NOT NULL DEFAULT '0' COMMENT '父ID',
  `sort` int unsigned NOT NULL DEFAULT '0' COMMENT '排序字段',
  `gmt_create` datetime NOT NULL COMMENT '创建时间',
  `gmt_modified` datetime NOT NULL COMMENT '更新时间',
  PRIMARY KEY (`id`),
  KEY `idx_parent_id` (`parent_id`)
) ENGINE=InnoDB DEFAULT CHARSET=utf8mb4 COLLATE=utf8mb4_0900_ai_ci ROW_FORMAT=COMPACT COMMENT='课程科目';

/*Data for the table `edu_subject` */

insert  into `edu_subject`(`id`,`title`,`parent_id`,`sort`,`gmt_create`,`gmt_modified`) values 
(1380216821620572161,'后端开发',0,0,'2021-04-09 02:51:48','2021-04-09 02:51:48'),
(1380216822119694338,'Java',1380216821620572161,0,'2021-04-09 02:51:48','2021-04-09 02:51:48'),
(1380216822732062721,'Cpp',1380216821620572161,0,'2021-04-09 02:51:48','2021-04-09 02:51:48'),
(1380216823461871617,'Go',1380216821620572161,0,'2021-04-09 02:51:49','2021-04-09 02:51:49'),
(1380216824040685570,'前端开发',0,0,'2021-04-09 02:51:49','2021-04-09 02:51:49'),
(1380216824942460930,'Vue',1380216824040685570,0,'2021-04-09 02:51:49','2021-04-09 02:51:49'),
(1380216825936510977,'Jquery',1380216824040685570,0,'2021-04-09 02:51:49','2021-04-09 02:51:49'),
(1380216827014447106,'云计算',0,0,'2021-04-09 02:51:49','2021-04-09 02:51:49'),
(1380216827647787010,'Docker',1380216827014447106,0,'2021-04-09 02:51:50','2021-04-09 02:51:50'),
(1380216828176269313,'Linux',1380216827014447106,0,'2021-04-09 02:51:50','2021-04-09 02:51:50'),
(1380216828763471873,'数据库',0,0,'2021-04-09 02:51:50','2021-04-09 02:51:50'),
(1380216829287759873,'MySQL',1380216828763471873,0,'2021-04-09 02:51:50','2021-04-09 02:51:50'),
(1380216830063706114,'MongoDB',1380216828763471873,0,'2021-04-09 02:51:50','2021-04-09 02:51:50'),
(1380216830789320705,'消息队列',0,0,'2021-04-09 02:51:50','2021-04-09 02:51:50'),
(1380216831422660609,'RabbitMQ',1380216830789320705,0,'2021-04-09 02:51:50','2021-04-09 02:51:50'),
(1380216831951142913,'ActiveMQ',1380216830789320705,0,'2021-04-09 02:51:51','2021-04-09 02:51:51'),
(1387505182037110786,'Redis',1380216828763471873,0,'2021-04-29 05:33:09','2021-04-29 05:33:09'),
(1388897584278761473,'python',1380216821620572161,0,'2021-05-03 01:46:03','2021-05-03 01:46:03'),
(1388897584819826689,'Javascript',1380216824040685570,0,'2021-05-03 01:46:03','2021-05-03 01:46:03'),
(1388897585331531778,'React',1380216824040685570,0,'2021-05-03 01:46:03','2021-05-03 01:46:03'),
(1388897585851625473,'Kuberntes',1380216827014447106,0,'2021-05-03 01:46:04','2021-05-03 01:46:04'),
(1388897586493353986,'PostgreSQL',1380216828763471873,0,'2021-05-03 01:46:04','2021-05-03 01:46:04'),
(1388897588829581314,'Kafka',1380216830789320705,0,'2021-05-03 01:46:04','2021-05-03 01:46:04'),
(1388897590125621249,'RocketMQ',1380216830789320705,0,'2021-05-03 01:46:05','2021-05-03 01:46:05');

/*Table structure for table `edu_teacher` */

DROP TABLE IF EXISTS `edu_teacher`;

CREATE TABLE `edu_teacher` (
  `id` bigint NOT NULL COMMENT '讲师ID',
  `name` varchar(20) NOT NULL COMMENT '讲师姓名',
  `intro` varchar(500) NOT NULL DEFAULT '' COMMENT '讲师简介',
  `career` varchar(500) DEFAULT NULL COMMENT '讲师资历,一句话说明讲师',
  `level` int unsigned NOT NULL COMMENT '头衔 1高级讲师 2首席讲师',
  `avatar` varchar(255) CHARACTER SET utf8mb4 COLLATE utf8mb4_0900_ai_ci DEFAULT 'https://oss.console.aliyun.com/bucket/oss-cn-beijing/my-online-education-project/object?path=default%2F' COMMENT '讲师头像',
  `sort` int unsigned NOT NULL DEFAULT '0' COMMENT '排序',
  `is_deleted` tinyint unsigned NOT NULL DEFAULT '0' COMMENT '逻辑删除 1（true）已删除， 0（false）未删除',
  `gmt_create` datetime NOT NULL COMMENT '创建时间',
  `gmt_modified` datetime NOT NULL COMMENT '更新时间',
  PRIMARY KEY (`id`),
  UNIQUE KEY `uk_name` (`name`)
) ENGINE=InnoDB DEFAULT CHARSET=utf8mb4 COLLATE=utf8mb4_0900_ai_ci COMMENT='讲师';

/*Data for the table `edu_teacher` */

insert  into `edu_teacher`(`id`,`name`,`intro`,`career`,`level`,`avatar`,`sort`,`is_deleted`,`gmt_create`,`gmt_modified`) values 
(1388933510056996865,'水無月ほたる','可爱就是她最强的实力','最最最可爱的老师',2,'https://my-online-education-project.oss-cn-beijing.aliyuncs.com/2021/05/03/7c9ec4be91964700b88b53bbf3fbd1f3hot_ev_hot09l_看图王(1).jpg',30,0,'2021-05-03 04:08:49','2021-05-03 06:21:33'),
(1388936503816974337,'二階堂真紅','真紅先生有着强大的教学能力','二階堂真紅先生特别特别的可爱',2,'https://my-online-education-project.oss-cn-beijing.aliyuncs.com/2021/05/03/3c7596180739476689db73894fac2f14ev00001.jpg',26,0,'2021-05-03 04:20:42','2021-05-04 06:27:03'),
(1388936857354858497,'二階堂青空','青空有着不比妈妈弱的教学能力','二階堂真紅的女儿',1,'https://my-online-education-project.oss-cn-beijing.aliyuncs.com/2021/05/03/0caa5826763246f8b32295d93984e5a2ev00012_看图王.jpg',2,0,'2021-05-03 04:22:07','2021-05-04 06:27:12'),
(1388937696752529410,'二階堂藍','有着很可爱的笑容！','二階堂真紅的妹妹',2,'https://my-online-education-project.oss-cn-beijing.aliyuncs.com/2021/05/03/758100f7d88943d6896f299b2206706aev00025_看图王.jpg',2,0,'2021-05-03 04:25:27','2021-05-04 06:26:09'),
(1388938391253774335,'夏目雫','天使天使天使天使天使！','天使',2,'https://my-online-education-project.oss-cn-beijing.aliyuncs.com/2021/05/03/d030bd9798c9411ea07887c5366428cc95B7HZN[]5EAASW({F6]L_K_看图王.png',15,0,'2021-05-03 05:09:07','2021-05-03 05:09:07'),
(1388938391253774336,'杏藤千和','千和世界第一可爱！！！！！！！！！！','千和世界第一可爱！！！！！',2,'https://my-online-education-project.oss-cn-beijing.aliyuncs.com/2021/05/03/8fc209a8003044d089f9ca7347b220e6CHIWA_e105b_看图王.jpg',28,0,'2021-05-03 04:29:25','2021-05-03 06:21:48'),
(1388938391253774337,'御桜稟','御桜稟有着非常强大的教学能力','御桜稟非常厉害',2,'https://my-online-education-project.oss-cn-beijing.aliyuncs.com/2021/05/03/2e589f9d08304c48ab2255d6f735c8b6ev0002c_看图王.jpg',2,0,'2021-05-03 04:28:12','2021-05-03 04:28:12'),
(1388939126271995905,'夏目雫(小)','天使天使天使天使！！！！','天使天使',2,'https://my-online-education-project.oss-cn-beijing.aliyuncs.com/2021/05/03/b336402a08694d41b8f1a8dcfff8ee31ev1003b_看图王.jpg',4,0,'2021-05-03 05:11:01','2021-05-03 05:11:01'),
(1388939126271995906,'草薙直哉','草薙直哉有着非常强大的教学能力','草薙直哉帅我一脸',2,'https://my-online-education-project.oss-cn-beijing.aliyuncs.com/2021/05/03/b7f1a50cbe124431b267ddee1e370654evb013a_看图王.jpg',2,0,'2021-05-03 04:31:08','2021-05-03 04:31:08'),
(1388939437527101441,'草薙健一郎','儿子父亲都非常帅！！！','草薙健一郎是草薙直哉的父亲',2,'https://my-online-education-project.oss-cn-beijing.aliyuncs.com/2021/05/03/dbca49123bfd414184da05611ed6f048evb008m_看图王.jpg',2,0,'2021-05-03 04:32:22','2021-05-03 04:32:22'),
(1388940136608526338,'鹿野上悠馬','鹿野上悠馬有着强大的教学能力','是一位坏坏的老师',1,'https://my-online-education-project.oss-cn-beijing.aliyuncs.com/2021/05/03/dbfb81dc814e496b9786cf9fde3a1926ETC_FD_e51a_看图王.jpg',2,0,'2021-05-03 04:35:08','2021-05-03 04:35:08'),
(1388940659441102850,'御桜稟(小)','小御桜稟有着更强大的教学能力','祈愿版',2,'https://my-online-education-project.oss-cn-beijing.aliyuncs.com/2021/05/03/f9921ca2912a4e8e8b520b332c519d64~SBJM3OKM`RI(Z)TAGV{I[T_看图王.png',2,0,'2021-05-03 04:37:13','2021-05-03 04:37:13'),
(1388940899934105602,'吹','有着强大的教学能力','吹也非常非常的可爱！',1,'https://my-online-education-project.oss-cn-beijing.aliyuncs.com/2021/05/03/03bb686f2c3947f085c290905487fd17DB2E9F91-94C8-47FC-B582-A0356FE8753D(20161224-130_看图王.JPG',2,0,'2021-05-03 04:38:10','2021-05-03 04:38:10'),
(1388942003006697473,'長山香奈','虽然没有才能，但是非常努力，是一颗最闪耀的星星','有着强大的执念',1,'https://my-online-education-project.oss-cn-beijing.aliyuncs.com/2021/05/03/96f9a49759114b998a9771cf181d88b5ev9001c_看图王.jpg',2,0,'2021-05-03 04:42:33','2021-05-03 04:42:33'),
(1388942344624369665,'氷川里奈','可以百合可以百合可以百合','可以百合',1,'https://my-online-education-project.oss-cn-beijing.aliyuncs.com/2021/05/03/230765f816be45b5b4e0f209d045788fev2003a_看图王.jpg',3,0,'2021-05-03 04:43:55','2021-05-03 04:43:55'),
(1388942724175327233,'川内野優美','百合百合百合百合百合百合百合百合百合百合百合百合百合百合百合百合百合百合百合百合百合百合','百合百合百合',1,'https://my-online-education-project.oss-cn-beijing.aliyuncs.com/2021/05/03/f0e12f4e2aa54411af3b5bbf1a12d0caev3003h_看图王.jpg',2,0,'2021-05-03 04:45:25','2021-05-03 04:45:25'),
(1388943139281399810,'夏目圭','呜呜呜呜呜呜呜呜呜呜呜呜呜呜呜呜呜呜呜呜呜','呜呜呜呜呜呜呜',2,'https://my-online-education-project.oss-cn-beijing.aliyuncs.com/2021/05/03/e2e1f3c864814e5dbc241e60104c11beev6002c_看图王.jpg',2,0,'2021-05-03 04:47:04','2021-05-03 04:47:04'),
(1388951522264838146,'水無月ほたる(本体)','有着强大的求生欲望','本体',1,'https://my-online-education-project.oss-cn-beijing.aliyuncs.com/2021/05/03/6c99f11a86cb4ab5867f234f3fa3e28chot_ev_hot15b_看图王.jpg',3,0,'2021-05-03 05:20:23','2021-05-03 05:20:23'),
(1389594888010772482,'货','嚯嚯嚯嚯嚯嚯嚯嚯嚯嚯嚯嚯','嚯嚯嚯',1,'https://my-online-education-project.oss-cn-beijing.aliyuncs.com/2021/05/04/4d890670973a4e63a7465f23fcc0f45a4.jpg',2,1,'2021-05-04 23:56:53','2021-05-04 23:56:53');

/*Table structure for table `edu_video` */

DROP TABLE IF EXISTS `edu_video`;

CREATE TABLE `edu_video` (
  `id` bigint NOT NULL COMMENT '视频ID',
  `course_id` bigint NOT NULL COMMENT '课程ID',
  `chapter_id` bigint NOT NULL COMMENT '章节ID',
  `title` varchar(50) NOT NULL COMMENT '节点名称',
  `video_source_id` varchar(100) CHARACTER SET utf8mb4 COLLATE utf8mb4_0900_ai_ci DEFAULT '81dfd20f221c4311ad0b707fedb5fd8b' COMMENT '云端视频资源',
  `video_original_name` varchar(100) CHARACTER SET utf8mb4 COLLATE utf8mb4_0900_ai_ci DEFAULT 'Bahamut.mp4' COMMENT '原始文件名称',
  `sort` int unsigned NOT NULL DEFAULT '0' COMMENT '排序字段',
  `play_count` bigint unsigned NOT NULL DEFAULT '0' COMMENT '播放次数',
  `is_free` tinyint unsigned NOT NULL DEFAULT '0' COMMENT '是否可以试听：0收费 1免费',
  `duration` float NOT NULL DEFAULT '0' COMMENT '视频时长（秒）',
  `status` varchar(20) NOT NULL DEFAULT 'Empty' COMMENT 'Empty未上传 Transcoding转码中  Normal正常',
  `size` bigint unsigned NOT NULL DEFAULT '0' COMMENT '视频源文件大小（字节）',
  `version` bigint unsigned NOT NULL DEFAULT '1' COMMENT '乐观锁',
  `gmt_create` datetime NOT NULL COMMENT '创建时间',
  `gmt_modified` datetime NOT NULL COMMENT '更新时间',
  PRIMARY KEY (`id`),
  KEY `idx_course_id` (`course_id`),
  KEY `idx_chapter_id` (`chapter_id`),
  KEY `idx_video_source_id` (`video_source_id`)
) ENGINE=InnoDB DEFAULT CHARSET=utf8mb4 COLLATE=utf8mb4_0900_ai_ci ROW_FORMAT=COMPACT COMMENT='课程视频';

/*Data for the table `edu_video` */

insert  into `edu_video`(`id`,`course_id`,`chapter_id`,`title`,`video_source_id`,`video_original_name`,`sort`,`play_count`,`is_free`,`duration`,`status`,`size`,`version`,`gmt_create`,`gmt_modified`) values 
(1389172441935593473,1389172103958577154,1389172225111048193,'1','81dfd20f221c4311ad0b707fedb5fd8b','Bahamut.mp4',0,0,1,0,'Empty',0,1,'2021-05-03 19:58:14','2021-05-03 19:58:14'),
(1389172475754266625,1389172103958577154,1389172225111048193,'2','81dfd20f221c4311ad0b707fedb5fd8b','Bahamut.mp4',1,0,1,0,'Empty',0,1,'2021-05-03 19:58:22','2021-05-03 19:58:22'),
(1389172486105808898,1389172103958577154,1389172225111048193,'3','81dfd20f221c4311ad0b707fedb5fd8b','Bahamut.mp4',1,0,1,0,'Empty',0,1,'2021-05-03 19:58:25','2021-05-03 19:58:25'),
(1389172493798162434,1389172103958577154,1389172225111048193,'4','81dfd20f221c4311ad0b707fedb5fd8b','Bahamut.mp4',1,0,1,0,'Empty',0,1,'2021-05-03 19:58:27','2021-05-03 19:58:27'),
(1389172501872197633,1389172103958577154,1389172225111048193,'5','81dfd20f221c4311ad0b707fedb5fd8b','Bahamut.mp4',1,0,1,0,'Empty',0,1,'2021-05-03 19:58:29','2021-05-03 19:58:29'),
(1389172510348886017,1389172103958577154,1389172308770635777,'1','81dfd20f221c4311ad0b707fedb5fd8b','Bahamut.mp4',1,0,1,0,'Empty',0,1,'2021-05-03 19:58:31','2021-05-03 19:58:31'),
(1389172517789581313,1389172103958577154,1389172308770635777,'2','81dfd20f221c4311ad0b707fedb5fd8b','Bahamut.mp4',1,0,1,0,'Empty',0,1,'2021-05-03 19:58:32','2021-05-03 19:58:32'),
(1389172531727253505,1389172103958577154,1389172308770635777,'3','81dfd20f221c4311ad0b707fedb5fd8b','Bahamut.mp4',1,0,1,0,'Empty',0,1,'2021-05-03 19:58:36','2021-05-03 19:58:36'),
(1389172539763539969,1389172103958577154,1389172335123447809,'1','81dfd20f221c4311ad0b707fedb5fd8b','Bahamut.mp4',1,0,1,0,'Empty',0,1,'2021-05-03 19:58:38','2021-05-03 19:58:38'),
(1389172546805776386,1389172103958577154,1389172335123447809,'2','81dfd20f221c4311ad0b707fedb5fd8b','Bahamut.mp4',1,0,1,0,'Empty',0,1,'2021-05-03 19:58:39','2021-05-03 19:58:39'),
(1389172554649124865,1389172103958577154,1389172405872967682,'1','81dfd20f221c4311ad0b707fedb5fd8b','Bahamut.mp4',1,0,1,0,'Empty',0,1,'2021-05-03 19:58:41','2021-05-03 19:58:41'),
(1389172561959796738,1389172103958577154,1389172405872967682,'2','81dfd20f221c4311ad0b707fedb5fd8b','Bahamut.mp4',1,0,1,0,'Empty',0,1,'2021-05-03 19:58:43','2021-05-03 19:58:43'),
(1389172570767835137,1389172103958577154,1389172405872967682,'3','81dfd20f221c4311ad0b707fedb5fd8b','Bahamut.mp4',1,0,1,0,'Empty',0,1,'2021-05-03 19:58:45','2021-05-03 19:58:45'),
(1389173599697715202,1389173328695345153,1389173539702390785,'1','81dfd20f221c4311ad0b707fedb5fd8b','Bahamut.mp4',0,0,1,0,'Empty',0,1,'2021-05-03 20:02:50','2021-05-03 20:02:50'),
(1389173613719273473,1389173328695345153,1389173539702390785,'2','81dfd20f221c4311ad0b707fedb5fd8b','Bahamut.mp4',1,0,0,0,'Empty',0,1,'2021-05-03 20:02:54','2021-05-03 20:02:54'),
(1389173633860321282,1389173328695345153,1389173583126020098,'1','81dfd20f221c4311ad0b707fedb5fd8b','Bahamut.mp4',1,0,1,0,'Empty',0,1,'2021-05-03 20:02:59','2021-05-03 20:02:59'),
(1389173645331742722,1389173328695345153,1389173583126020098,'2','81dfd20f221c4311ad0b707fedb5fd8b','Bahamut.mp4',1,0,0,0,'Empty',0,1,'2021-05-03 20:03:01','2021-05-03 20:03:01'),
(1389173657222594561,1389173328695345153,1389173583126020098,'3','81dfd20f221c4311ad0b707fedb5fd8b','Bahamut.mp4',1,0,0,0,'Empty',0,1,'2021-05-03 20:03:04','2021-05-03 20:03:04'),
(1389174911411765250,1389174610520784898,1389174806294118402,'1','81dfd20f221c4311ad0b707fedb5fd8b','Bahamut.mp4',0,0,1,0,'Empty',0,1,'2021-05-03 20:08:03','2021-05-03 20:08:03'),
(1389174919028621314,1389174610520784898,1389174806294118402,'2','81dfd20f221c4311ad0b707fedb5fd8b','Bahamut.mp4',1,0,1,0,'Empty',0,1,'2021-05-03 20:08:05','2021-05-03 20:08:05'),
(1389174927681470465,1389174610520784898,1389174806294118402,'3','81dfd20f221c4311ad0b707fedb5fd8b','Bahamut.mp4',1,0,0,0,'Empty',0,1,'2021-05-03 20:08:07','2021-05-03 20:08:07'),
(1389174936544034817,1389174610520784898,1389174819871080449,'1','81dfd20f221c4311ad0b707fedb5fd8b','Bahamut.mp4',1,0,1,0,'Empty',0,1,'2021-05-03 20:08:09','2021-05-03 20:08:09'),
(1389174952327200769,1389174610520784898,1389174819871080449,'2','81dfd20f221c4311ad0b707fedb5fd8b','Bahamut.mp4',1,0,0,0,'Empty',0,1,'2021-05-03 20:08:13','2021-05-03 20:08:13'),
(1389174960317349890,1389174610520784898,1389174841303973890,'1','81dfd20f221c4311ad0b707fedb5fd8b','Bahamut.mp4',1,0,1,0,'Empty',0,1,'2021-05-03 20:08:15','2021-05-03 20:08:15'),
(1389174970354319361,1389174610520784898,1389174841303973890,'2','81dfd20f221c4311ad0b707fedb5fd8b','Bahamut.mp4',1,0,0,0,'Empty',0,1,'2021-05-03 20:08:17','2021-05-03 20:08:17'),
(1389174978499657729,1389174610520784898,1389174902494674946,'1','81dfd20f221c4311ad0b707fedb5fd8b','Bahamut.mp4',1,0,1,0,'Empty',0,1,'2021-05-03 20:08:19','2021-05-03 20:08:19'),
(1389175171630579713,1389174610520784898,1389174902494674946,'2','81dfd20f221c4311ad0b707fedb5fd8b','test.mp4',1,0,0,0,'Empty',0,1,'2021-05-03 20:09:05','2021-05-03 20:09:05'),
(1389179164108865538,1389179037784817666,1389179065291063298,'1','81dfd20f221c4311ad0b707fedb5fd8b','Bahamut.mp4',0,0,1,0,'Empty',0,1,'2021-05-03 20:24:57','2021-05-03 20:24:57'),
(1389179174112280578,1389179037784817666,1389179065291063298,'2','81dfd20f221c4311ad0b707fedb5fd8b','Bahamut.mp4',1,0,0,0,'Empty',0,1,'2021-05-03 20:24:59','2021-05-03 20:24:59'),
(1389179183331360769,1389179037784817666,1389179079111294977,'1','81dfd20f221c4311ad0b707fedb5fd8b','Bahamut.mp4',1,0,1,0,'Empty',0,1,'2021-05-03 20:25:02','2021-05-03 20:25:02'),
(1389179190302294018,1389179037784817666,1389179091408994305,'1','81dfd20f221c4311ad0b707fedb5fd8b','Bahamut.mp4',1,0,1,0,'Empty',0,1,'2021-05-03 20:25:03','2021-05-03 20:25:03'),
(1389179198057562114,1389179037784817666,1389179154269028354,'1','81dfd20f221c4311ad0b707fedb5fd8b','Bahamut.mp4',1,0,1,0,'Empty',0,1,'2021-05-03 20:25:05','2021-05-03 20:25:05'),
(1389179209222799362,1389179037784817666,1389179091408994305,'2','81dfd20f221c4311ad0b707fedb5fd8b','Bahamut.mp4',1,0,0,0,'Empty',0,1,'2021-05-03 20:25:08','2021-05-03 20:25:08'),
(1389181772118704129,1389181626911899650,1389181685443411970,'1','81dfd20f221c4311ad0b707fedb5fd8b','Bahamut.mp4',0,0,1,0,'Empty',0,1,'2021-05-03 20:35:19','2021-05-03 20:35:19'),
(1389181786035404801,1389181626911899650,1389181685443411970,'2','81dfd20f221c4311ad0b707fedb5fd8b','Bahamut.mp4',1,0,0,0,'Empty',0,1,'2021-05-03 20:35:22','2021-05-03 20:35:22'),
(1389181795942350849,1389181626911899650,1389181685443411970,'3','81dfd20f221c4311ad0b707fedb5fd8b','Bahamut.mp4',1,0,0,0,'Empty',0,1,'2021-05-03 20:35:25','2021-05-03 20:35:25'),
(1389181806562328578,1389181626911899650,1389181736018329602,'1','81dfd20f221c4311ad0b707fedb5fd8b','Bahamut.mp4',1,0,0,0,'Empty',0,1,'2021-05-03 20:35:27','2021-05-03 20:35:27'),
(1389181814007218178,1389181626911899650,1389181763428106241,'1','81dfd20f221c4311ad0b707fedb5fd8b','Bahamut.mp4',1,0,1,0,'Empty',0,1,'2021-05-03 20:35:29','2021-05-03 20:35:29'),
(1389181823545065473,1389181626911899650,1389181763428106241,'2','81dfd20f221c4311ad0b707fedb5fd8b','Bahamut.mp4',1,0,0,0,'Empty',0,1,'2021-05-03 20:35:31','2021-05-03 20:35:31'),
(1389183134797742082,1389182832740745218,1389182897253335041,'1','81dfd20f221c4311ad0b707fedb5fd8b','Bahamut.mp4',0,0,1,0,'Empty',0,1,'2021-05-03 20:40:44','2021-05-03 20:40:44'),
(1389183142242631682,1389182832740745218,1389183125108899842,'1','81dfd20f221c4311ad0b707fedb5fd8b','Bahamut.mp4',1,0,1,0,'Empty',0,1,'2021-05-03 20:40:46','2021-05-03 20:40:46'),
(1389184565466447873,1389184259991093249,1389184348809674754,'1','81dfd20f221c4311ad0b707fedb5fd8b','Bahamut.mp4',0,0,1,0,'Empty',0,1,'2021-05-03 20:46:25','2021-05-03 20:46:25'),
(1389184578221326337,1389184259991093249,1389184348809674754,'2','81dfd20f221c4311ad0b707fedb5fd8b','Bahamut.mp4',1,0,0,0,'Empty',0,1,'2021-05-03 20:46:28','2021-05-03 20:46:28'),
(1389184587012587521,1389184259991093249,1389184389716721666,'1','81dfd20f221c4311ad0b707fedb5fd8b','Bahamut.mp4',1,0,1,0,'Empty',0,1,'2021-05-03 20:46:30','2021-05-03 20:46:30'),
(1389184594113544194,1389184259991093249,1389184389716721666,'2','81dfd20f221c4311ad0b707fedb5fd8b','Bahamut.mp4',1,0,1,0,'Empty',0,1,'2021-05-03 20:46:32','2021-05-03 20:46:32'),
(1389184603492007938,1389184259991093249,1389184389716721666,'3','81dfd20f221c4311ad0b707fedb5fd8b','Bahamut.mp4',1,0,0,0,'Empty',0,1,'2021-05-03 20:46:34','2021-05-03 20:46:34'),
(1389184615823261697,1389184259991093249,1389184389716721666,'4','81dfd20f221c4311ad0b707fedb5fd8b','Bahamut.mp4',1,0,0,0,'Empty',0,1,'2021-05-03 20:46:37','2021-05-03 20:46:37'),
(1389184623020687362,1389184259991093249,1389184552761901058,'1','81dfd20f221c4311ad0b707fedb5fd8b','Bahamut.mp4',1,0,1,0,'Empty',0,1,'2021-05-03 20:46:39','2021-05-03 20:46:39'),
(1389184629500887042,1389184259991093249,1389184552761901058,'2','81dfd20f221c4311ad0b707fedb5fd8b','Bahamut.mp4',1,0,1,0,'Empty',0,1,'2021-05-03 20:46:40','2021-05-03 20:46:40'),
(1389184963627532290,1389184771226419201,1389184877476528129,'1','81dfd20f221c4311ad0b707fedb5fd8b','Bahamut.mp4',0,0,1,0,'Empty',0,1,'2021-05-03 20:48:00','2021-05-03 20:48:00'),
(1389184970040623106,1389184771226419201,1389184923156692993,'1','81dfd20f221c4311ad0b707fedb5fd8b','Bahamut.mp4',1,0,1,0,'Empty',0,1,'2021-05-03 20:48:01','2021-05-03 20:48:01'),
(1389184976445325313,1389184771226419201,1389184953154355202,'1','81dfd20f221c4311ad0b707fedb5fd8b','Bahamut.mp4',1,0,1,0,'Empty',0,1,'2021-05-03 20:48:03','2021-05-03 20:48:03'),
(1389185305320701953,1389185170943590402,1389185256570306562,'1','81dfd20f221c4311ad0b707fedb5fd8b','Bahamut.mp4',0,0,1,0,'Empty',0,1,'2021-05-03 20:49:21','2021-05-03 20:49:21'),
(1389185321460383745,1389185170943590402,1389185256570306562,'2','81dfd20f221c4311ad0b707fedb5fd8b','Bahamut.mp4',1,0,0,0,'Empty',0,1,'2021-05-03 20:49:25','2021-05-03 20:49:25'),
(1389188426864345089,1389188244919631874,1389188318382866433,'1','81dfd20f221c4311ad0b707fedb5fd8b','Bahamut.mp4',0,0,1,0,'Empty',0,1,'2021-05-03 21:01:45','2021-05-03 21:01:45'),
(1389188457554067458,1389188244919631874,1389188332718997505,'1','81dfd20f221c4311ad0b707fedb5fd8b','Bahamut.mp4',1,0,1,0,'Empty',0,1,'2021-05-03 21:01:53','2021-05-03 21:01:53'),
(1389188507319484417,1389188244919631874,1389188332718997505,'2','81dfd20f221c4311ad0b707fedb5fd8b','Bahamut.mp4',1,0,1,0,'Empty',0,1,'2021-05-03 21:02:05','2021-05-03 21:02:05'),
(1389188526990770177,1389188244919631874,1389188318382866433,'2','81dfd20f221c4311ad0b707fedb5fd8b','Bahamut.mp4',1,0,0,0,'Empty',0,1,'2021-05-03 21:02:09','2021-05-03 21:02:09'),
(1389188768284884993,1389188730083164161,1389188756985430018,'1','81dfd20f221c4311ad0b707fedb5fd8b','Bahamut.mp4',0,0,1,0,'Empty',0,1,'2021-05-03 21:03:07','2021-05-03 21:03:07'),
(1389188779232018433,1389188730083164161,1389188756985430018,'2','81dfd20f221c4311ad0b707fedb5fd8b','Bahamut.mp4',1,0,0,0,'Empty',0,1,'2021-05-03 21:03:10','2021-05-03 21:03:10'),
(1389188796369944578,1389188730083164161,1389188756985430018,'3','81dfd20f221c4311ad0b707fedb5fd8b','Bahamut.mp4',1,0,0,0,'Empty',0,1,'2021-05-03 21:03:14','2021-05-03 21:03:14'),
(1389188808336293889,1389188730083164161,1389188756985430018,'4','81dfd20f221c4311ad0b707fedb5fd8b','Bahamut.mp4',1,0,0,0,'Empty',0,1,'2021-05-03 21:03:16','2021-05-03 21:03:16'),
(1389189162448797697,1389189010619187202,1389189139455623169,'1','81dfd20f221c4311ad0b707fedb5fd8b','Bahamut.mp4',0,0,1,0,'Empty',0,1,'2021-05-03 21:04:41','2021-05-03 21:04:41'),
(1389189172435435521,1389189010619187202,1389189139455623169,'2','81dfd20f221c4311ad0b707fedb5fd8b','Bahamut.mp4',1,0,0,0,'Empty',0,1,'2021-05-03 21:04:43','2021-05-03 21:04:43'),
(1389189185286782977,1389189010619187202,1389189151887540225,'1','81dfd20f221c4311ad0b707fedb5fd8b','Bahamut.mp4',1,0,0,0,'Empty',0,1,'2021-05-03 21:04:46','2021-05-03 21:04:46'),
(1389189622480060418,1389189470793056257,1389189505542864897,'1','81dfd20f221c4311ad0b707fedb5fd8b','Bahamut.mp4',0,0,1,0,'Empty',0,1,'2021-05-03 21:06:31','2021-05-03 21:06:31'),
(1389189637499863041,1389189470793056257,1389189505542864897,'2','81dfd20f221c4311ad0b707fedb5fd8b','Bahamut.mp4',1,0,0,0,'Empty',0,1,'2021-05-03 21:06:34','2021-05-03 21:06:34'),
(1389189645284491266,1389189470793056257,1389189606973718530,'1','81dfd20f221c4311ad0b707fedb5fd8b','Bahamut.mp4',1,0,1,0,'Empty',0,1,'2021-05-03 21:06:36','2021-05-03 21:06:36'),
(1389189651961823234,1389189470793056257,1389189606973718530,'2','81dfd20f221c4311ad0b707fedb5fd8b','Bahamut.mp4',1,0,1,0,'Empty',0,1,'2021-05-03 21:06:38','2021-05-03 21:06:38'),
(1389190267698233346,1389190136257134594,1389190208835371010,'1','81dfd20f221c4311ad0b707fedb5fd8b','Bahamut.mp4',0,0,1,0,'Empty',0,1,'2021-05-03 21:09:04','2021-05-03 21:09:04'),
(1389190274249736193,1389190136257134594,1389190208835371010,'2','81dfd20f221c4311ad0b707fedb5fd8b','Bahamut.mp4',1,0,1,0,'Empty',0,1,'2021-05-03 21:09:06','2021-05-03 21:09:06'),
(1389190280637661186,1389190136257134594,1389190208835371010,'3','81dfd20f221c4311ad0b707fedb5fd8b','Bahamut.mp4',1,0,1,0,'Empty',0,1,'2021-05-03 21:09:07','2021-05-03 21:09:07'),
(1389190289210818562,1389190136257134594,1389190208835371010,'4','81dfd20f221c4311ad0b707fedb5fd8b','Bahamut.mp4',1,0,1,0,'Empty',0,1,'2021-05-03 21:09:10','2021-05-03 21:09:10'),
(1389190296567627777,1389190136257134594,1389190226782797825,'1','81dfd20f221c4311ad0b707fedb5fd8b','Bahamut.mp4',1,0,1,0,'Empty',0,1,'2021-05-03 21:09:11','2021-05-03 21:09:11'),
(1389190307477012481,1389190136257134594,1389190226782797825,'2','81dfd20f221c4311ad0b707fedb5fd8b','Bahamut.mp4',1,0,0,0,'Empty',0,1,'2021-05-03 21:09:14','2021-05-03 21:09:14'),
(1389190317518176257,1389190136257134594,1389190226782797825,'3','81dfd20f221c4311ad0b707fedb5fd8b','Bahamut.mp4',1,0,0,0,'Empty',0,1,'2021-05-03 21:09:16','2021-05-03 21:09:16'),
(1389190327290904578,1389190136257134594,1389190258617565185,'1','81dfd20f221c4311ad0b707fedb5fd8b','Bahamut.mp4',1,0,0,0,'Empty',0,1,'2021-05-03 21:09:19','2021-05-03 21:09:19'),
(1389190337512423425,1389190136257134594,1389190258617565185,'2','81dfd20f221c4311ad0b707fedb5fd8b','Bahamut.mp4',1,0,0,0,'Empty',0,1,'2021-05-03 21:09:21','2021-05-03 21:09:21'),
(1389190347801051138,1389190136257134594,1389190258617565185,'3','81dfd20f221c4311ad0b707fedb5fd8b','Bahamut.mp4',1,0,0,0,'Empty',0,1,'2021-05-03 21:09:23','2021-05-03 21:09:23'),
(1389190713204621313,1389190652722757634,1389190672092053505,'1','81dfd20f221c4311ad0b707fedb5fd8b','Bahamut.mp4',0,0,1,0,'Empty',0,1,'2021-05-03 21:10:51','2021-05-03 21:10:51'),
(1389190729130393601,1389190652722757634,1389190672092053505,'2','81dfd20f221c4311ad0b707fedb5fd8b','Bahamut.mp4',1,0,1,0,'Empty',0,1,'2021-05-03 21:10:54','2021-05-03 21:10:54'),
(1389190738026512386,1389190652722757634,1389190672092053505,'3','81dfd20f221c4311ad0b707fedb5fd8b','Bahamut.mp4',1,0,1,0,'Empty',0,1,'2021-05-03 21:10:57','2021-05-03 21:10:57'),
(1389190745634979842,1389190652722757634,1389190672092053505,'4','81dfd20f221c4311ad0b707fedb5fd8b','Bahamut.mp4',1,0,1,0,'Empty',0,1,'2021-05-03 21:10:58','2021-05-03 21:10:58'),
(1389190759467794433,1389190652722757634,1389190685627072514,'1','81dfd20f221c4311ad0b707fedb5fd8b','Bahamut.mp4',1,0,1,0,'Empty',0,1,'2021-05-03 21:11:02','2021-05-03 21:11:02'),
(1389190769316020225,1389190652722757634,1389190685627072514,'2','81dfd20f221c4311ad0b707fedb5fd8b','Bahamut.mp4',1,0,0,0,'Empty',0,1,'2021-05-03 21:11:04','2021-05-03 21:11:04'),
(1389190778832896002,1389190652722757634,1389190685627072514,'3','81dfd20f221c4311ad0b707fedb5fd8b','Bahamut.mp4',1,0,0,0,'Empty',0,1,'2021-05-03 21:11:06','2021-05-03 21:11:06'),
(1389190788215554050,1389190652722757634,1389190700747538434,'1','81dfd20f221c4311ad0b707fedb5fd8b','Bahamut.mp4',0,0,0,0,'Empty',0,1,'2021-05-03 21:11:08','2021-05-03 21:11:08'),
(1389190796486721537,1389190652722757634,1389190700747538434,'2','81dfd20f221c4311ad0b707fedb5fd8b','Bahamut.mp4',1,0,0,0,'Empty',0,1,'2021-05-03 21:11:10','2021-05-03 21:11:10'),
(1389190805798076417,1389190652722757634,1389190700747538434,'3','81dfd20f221c4311ad0b707fedb5fd8b','Bahamut.mp4',1,0,0,0,'Empty',0,1,'2021-05-03 21:11:13','2021-05-03 21:11:13'),
(1389192757315452929,1389192645436588033,1389192748515803138,'1','81dfd20f221c4311ad0b707fedb5fd8b','Bahamut.mp4',0,0,1,0,'Empty',0,1,'2021-05-03 21:18:58','2021-05-03 21:18:58'),
(1389192764777119745,1389192645436588033,1389192748515803138,'2','81dfd20f221c4311ad0b707fedb5fd8b','Bahamut.mp4',1,0,1,0,'Empty',0,1,'2021-05-03 21:19:00','2021-05-03 21:19:00'),
(1389192770934358017,1389192645436588033,1389192748515803138,'3','81dfd20f221c4311ad0b707fedb5fd8b','Bahamut.mp4',1,0,1,0,'Empty',0,1,'2021-05-03 21:19:01','2021-05-03 21:19:01'),
(1389192780564480002,1389192645436588033,1389192748515803138,'4','81dfd20f221c4311ad0b707fedb5fd8b','Bahamut.mp4',1,0,0,0,'Empty',0,1,'2021-05-03 21:19:03','2021-05-03 21:19:03'),
(1389192788995031042,1389192645436588033,1389192748515803138,'5','81dfd20f221c4311ad0b707fedb5fd8b','Bahamut.mp4',1,0,0,0,'Empty',0,1,'2021-05-03 21:19:06','2021-05-03 21:19:06'),
(1389192799510151169,1389192645436588033,1389192748515803138,'6','81dfd20f221c4311ad0b707fedb5fd8b','Bahamut.mp4',1,0,0,0,'Empty',0,1,'2021-05-03 21:19:08','2021-05-03 21:19:08'),
(1389192813582041089,1389192645436588033,1389192748515803138,'7','81dfd20f221c4311ad0b707fedb5fd8b','Bahamut.mp4',1,0,0,0,'Empty',0,1,'2021-05-03 21:19:11','2021-05-03 21:19:11'),
(1389193537988673538,1389193497798852609,1389193529432293378,'1','81dfd20f221c4311ad0b707fedb5fd8b','Bahamut.mp4',0,0,1,0,'Empty',0,1,'2021-05-03 21:22:04','2021-05-03 21:22:04'),
(1389193546800906242,1389193497798852609,1389193529432293378,'2','81dfd20f221c4311ad0b707fedb5fd8b','Bahamut.mp4',1,0,1,0,'Empty',0,1,'2021-05-03 21:22:06','2021-05-03 21:22:06'),
(1389193743274688514,1389193701063213057,1389193733841698817,'1','81dfd20f221c4311ad0b707fedb5fd8b','Bahamut.mp4',0,0,1,0,'Empty',0,1,'2021-05-03 21:22:53','2021-05-03 21:22:53'),
(1389193751231283201,1389193701063213057,1389193733841698817,'2','81dfd20f221c4311ad0b707fedb5fd8b','Bahamut.mp4',1,0,1,0,'Empty',0,1,'2021-05-03 21:22:55','2021-05-03 21:22:55'),
(1389193760458752002,1389193701063213057,1389193733841698817,'3','81dfd20f221c4311ad0b707fedb5fd8b','Bahamut.mp4',1,0,0,0,'Empty',0,1,'2021-05-03 21:22:57','2021-05-03 21:22:57'),
(1389194142450794497,1389194107529019394,1389194125300285442,'1','81dfd20f221c4311ad0b707fedb5fd8b','Bahamut.mp4',0,0,1,0,'Empty',0,1,'2021-05-03 21:24:28','2021-05-03 21:24:28'),
(1389196040952168450,1389195768255299585,1389195943921139713,'1','81dfd20f221c4311ad0b707fedb5fd8b','Bahamut.mp4',0,0,1,0,'Empty',0,1,'2021-05-03 21:32:01','2021-05-03 21:32:01'),
(1389196055112138753,1389195768255299585,1389195943921139713,'2','81dfd20f221c4311ad0b707fedb5fd8b','Bahamut.mp4',1,0,1,0,'Empty',0,1,'2021-05-03 21:32:04','2021-05-03 21:32:04'),
(1389196064201195522,1389195768255299585,1389195943921139713,'3','81dfd20f221c4311ad0b707fedb5fd8b','Bahamut.mp4',1,0,0,0,'Empty',0,1,'2021-05-03 21:32:06','2021-05-03 21:32:06'),
(1389196075001528321,1389195768255299585,1389196019296976897,'1','81dfd20f221c4311ad0b707fedb5fd8b','Bahamut.mp4',1,0,1,0,'Empty',0,1,'2021-05-03 21:32:09','2021-05-03 21:32:09'),
(1389196084006699010,1389195768255299585,1389196019296976897,'2','81dfd20f221c4311ad0b707fedb5fd8b','Bahamut.mp4',1,0,0,0,'Empty',0,1,'2021-05-03 21:32:11','2021-05-03 21:32:11'),
(1389196092625993730,1389195768255299585,1389196031540150273,'1','81dfd20f221c4311ad0b707fedb5fd8b','Bahamut.mp4',1,0,1,0,'Empty',0,1,'2021-05-03 21:32:13','2021-05-03 21:32:13'),
(1389196102218366978,1389195768255299585,1389196031540150273,'2','81dfd20f221c4311ad0b707fedb5fd8b','Bahamut.mp4',1,0,0,0,'Empty',0,1,'2021-05-03 21:32:15','2021-05-03 21:32:15'),
(1389196552187494402,1389196447313117186,1389196479416320002,'1','81dfd20f221c4311ad0b707fedb5fd8b','Bahamut.mp4',0,0,1,0,'Empty',0,1,'2021-05-03 21:34:03','2021-05-03 21:34:03'),
(1389196560932618242,1389196447313117186,1389196479416320002,'2','81dfd20f221c4311ad0b707fedb5fd8b','Bahamut.mp4',1,0,1,0,'Empty',0,1,'2021-05-03 21:34:05','2021-05-03 21:34:05'),
(1389196569547718658,1389196447313117186,1389196479416320002,'3','81dfd20f221c4311ad0b707fedb5fd8b','Bahamut.mp4',1,0,0,0,'Empty',0,1,'2021-05-03 21:34:07','2021-05-03 21:34:07'),
(1389196577244266498,1389196447313117186,1389196543341707265,'1','81dfd20f221c4311ad0b707fedb5fd8b','Bahamut.mp4',1,0,1,0,'Empty',0,1,'2021-05-03 21:34:09','2021-05-03 21:34:09'),
(1389196587042160642,1389196447313117186,1389196543341707265,'2','81dfd20f221c4311ad0b707fedb5fd8b','Bahamut.mp4',1,0,0,0,'Empty',0,1,'2021-05-03 21:34:11','2021-05-03 21:34:11'),
(1389197055789187073,1389196834980052993,1389197000839610369,'1','81dfd20f221c4311ad0b707fedb5fd8b','Bahamut.mp4',0,0,1,0,'Empty',0,1,'2021-05-03 21:36:03','2021-05-03 21:36:03'),
(1389197064941158401,1389196834980052993,1389197000839610369,'2','81dfd20f221c4311ad0b707fedb5fd8b','Bahamut.mp4',1,0,1,0,'Empty',0,1,'2021-05-03 21:36:05','2021-05-03 21:36:05'),
(1389197071937257474,1389196834980052993,1389197000839610369,'3','81dfd20f221c4311ad0b707fedb5fd8b','Bahamut.mp4',1,0,1,0,'Empty',0,1,'2021-05-03 21:36:07','2021-05-03 21:36:07'),
(1389197080426528769,1389196834980052993,1389197016736022530,'1','81dfd20f221c4311ad0b707fedb5fd8b','Bahamut.mp4',1,0,0,0,'Empty',0,1,'2021-05-03 21:36:09','2021-05-03 21:36:09'),
(1389197088752222210,1389196834980052993,1389197016736022530,'2','81dfd20f221c4311ad0b707fedb5fd8b','Bahamut.mp4',1,0,0,0,'Empty',0,1,'2021-05-03 21:36:11','2021-05-03 21:36:11'),
(1389197102987689986,1389196834980052993,1389197047211835394,'1','81dfd20f221c4311ad0b707fedb5fd8b','Bahamut.mp4',1,0,1,0,'Empty',0,1,'2021-05-03 21:36:14','2021-05-03 21:36:14'),
(1389197112022220802,1389196834980052993,1389197047211835394,'2','81dfd20f221c4311ad0b707fedb5fd8b','Bahamut.mp4',1,0,0,0,'Empty',0,1,'2021-05-03 21:36:16','2021-05-03 21:36:16'),
(1389198252222791681,1389198099671760898,1389198206756536322,'1','81dfd20f221c4311ad0b707fedb5fd8b','Bahamut.mp4',0,0,1,0,'Empty',0,1,'2021-05-03 21:40:48','2021-05-03 21:40:48'),
(1389198263929094146,1389198099671760898,1389198206756536322,'2','81dfd20f221c4311ad0b707fedb5fd8b','Bahamut.mp4',1,0,0,0,'Empty',0,1,'2021-05-03 21:40:51','2021-05-03 21:40:51'),
(1389198276264542210,1389198099671760898,1389198241225326593,'1','81dfd20f221c4311ad0b707fedb5fd8b','Bahamut.mp4',1,0,0,0,'Empty',0,1,'2021-05-03 21:40:54','2021-05-03 21:40:54'),
(1389198287069069313,1389198099671760898,1389198241225326593,'2','81dfd20f221c4311ad0b707fedb5fd8b','Bahamut.mp4',1,0,0,0,'Empty',0,1,'2021-05-03 21:40:56','2021-05-03 21:40:56'),
(1389202242478096385,1389202151373619202,1389202217832366081,'1','81dfd20f221c4311ad0b707fedb5fd8b','Bahamut.mp4',0,0,1,0,'Empty',0,1,'2021-05-03 21:56:39','2021-05-03 21:56:39'),
(1389202251344855041,1389202151373619202,1389202217832366081,'2','81dfd20f221c4311ad0b707fedb5fd8b','Bahamut.mp4',1,0,0,0,'Empty',0,1,'2021-05-03 21:56:42','2021-05-03 21:56:42'),
(1389202271351685121,1389202151373619202,1389202232944443394,'1','81dfd20f221c4311ad0b707fedb5fd8b','Bahamut.mp4',0,0,1,0,'Empty',0,1,'2021-05-03 21:56:46','2021-05-03 21:56:46'),
(1389202286736392193,1389202151373619202,1389202232944443394,'2','81dfd20f221c4311ad0b707fedb5fd8b','Bahamut.mp4',1,0,0,0,'Empty',0,1,'2021-05-03 21:56:50','2021-05-03 21:56:50'),
(1389203642020872194,1389203599444492290,1389203634341101569,'1','81dfd20f221c4311ad0b707fedb5fd8b','Bahamut.mp4',0,0,1,0,'Empty',0,1,'2021-05-03 22:02:13','2021-05-03 22:02:13'),
(1389203649801306113,1389203599444492290,1389203634341101569,'2','81dfd20f221c4311ad0b707fedb5fd8b','Bahamut.mp4',1,0,0,0,'Empty',0,1,'2021-05-03 22:02:15','2021-05-03 22:02:15'),
(1389205531030536194,1389205466488586241,1389205486373781505,'1','81dfd20f221c4311ad0b707fedb5fd8b','Bahamut.mp4',0,0,1,0,'Empty',0,1,'2021-05-03 22:09:43','2021-05-03 22:09:43'),
(1389205539444310017,1389205466488586241,1389205486373781505,'2','81dfd20f221c4311ad0b707fedb5fd8b','Bahamut.mp4',1,0,0,0,'Empty',0,1,'2021-05-03 22:09:45','2021-05-03 22:09:45'),
(1389205546968891393,1389205466488586241,1389205503004196865,'1','81dfd20f221c4311ad0b707fedb5fd8b','Bahamut.mp4',1,0,1,0,'Empty',0,1,'2021-05-03 22:09:47','2021-05-03 22:09:47'),
(1389205554074042370,1389205466488586241,1389205503004196865,'2','81dfd20f221c4311ad0b707fedb5fd8b','Bahamut.mp4',1,0,1,0,'Empty',0,1,'2021-05-03 22:09:49','2021-05-03 22:09:49'),
(1389205562437484545,1389205466488586241,1389205522327355393,'1','81dfd20f221c4311ad0b707fedb5fd8b','Bahamut.mp4',1,0,0,0,'Empty',0,1,'2021-05-03 22:09:51','2021-05-03 22:09:51'),
(1389205570712846337,1389205466488586241,1389205522327355393,'2','81dfd20f221c4311ad0b707fedb5fd8b','Bahamut.mp4',1,0,0,0,'Empty',0,1,'2021-05-03 22:09:53','2021-05-03 22:09:53'),
(1389205580733038593,1389205466488586241,1389205522327355393,'3','81dfd20f221c4311ad0b707fedb5fd8b','Bahamut.mp4',1,0,0,0,'Empty',0,1,'2021-05-03 22:09:55','2021-05-03 22:09:55'),
(1389205829346213889,1389205785255690241,1389205804432048129,'1','81dfd20f221c4311ad0b707fedb5fd8b','Bahamut.mp4',0,0,1,0,'Empty',0,1,'2021-05-03 22:10:55','2021-05-03 22:10:55'),
(1389205840188489730,1389205785255690241,1389205820257157122,'1','81dfd20f221c4311ad0b707fedb5fd8b','Bahamut.mp4',1,0,0,0,'Empty',0,1,'2021-05-03 22:10:57','2021-05-03 22:10:57'),
(1389206438954745858,1389206145881948162,1389206380251267074,'1','81dfd20f221c4311ad0b707fedb5fd8b','Bahamut.mp4',0,0,1,0,'Empty',0,1,'2021-05-03 22:13:20','2021-05-03 22:13:20'),
(1389206448714891265,1389206145881948162,1389206380251267074,'2','81dfd20f221c4311ad0b707fedb5fd8b','Bahamut.mp4',1,0,0,0,'Empty',0,1,'2021-05-03 22:13:22','2021-05-03 22:13:22'),
(1389206457262882817,1389206145881948162,1389206380251267074,'3','81dfd20f221c4311ad0b707fedb5fd8b','Bahamut.mp4',1,0,0,0,'Empty',0,1,'2021-05-03 22:13:24','2021-05-03 22:13:24'),
(1389206467325018114,1389206145881948162,1389206429421092866,'1','81dfd20f221c4311ad0b707fedb5fd8b','Bahamut.mp4',1,0,1,0,'Empty',0,1,'2021-05-03 22:13:27','2021-05-03 22:13:27'),
(1389206475889786881,1389206145881948162,1389206429421092866,'2','81dfd20f221c4311ad0b707fedb5fd8b','Bahamut.mp4',1,0,0,0,'Empty',0,1,'2021-05-03 22:13:29','2021-05-03 22:13:29'),
(1389206717267787778,1389206675748372481,1389206707201458178,'1','81dfd20f221c4311ad0b707fedb5fd8b','Bahamut.mp4',0,0,1,0,'Empty',0,1,'2021-05-03 22:14:26','2021-05-03 22:14:26'),
(1389206725228576769,1389206675748372481,1389206707201458178,'2','81dfd20f221c4311ad0b707fedb5fd8b','Bahamut.mp4',1,0,0,0,'Empty',0,1,'2021-05-03 22:14:28','2021-05-03 22:14:28');

/*Table structure for table `statistics_daily` */

DROP TABLE IF EXISTS `statistics_daily`;

CREATE TABLE `statistics_daily` (
  `id` bigint NOT NULL COMMENT '主键',
  `date_calculated` varchar(10) NOT NULL COMMENT '统计日期',
  `register_num` int NOT NULL DEFAULT '0' COMMENT '注册人数',
  `login_num` int NOT NULL DEFAULT '0' COMMENT '登录人数',
  `video_view_num` int NOT NULL DEFAULT '0' COMMENT '每日播放视频数',
  `course_num` int NOT NULL DEFAULT '0' COMMENT '每日新增课程数',
  `gmt_create` datetime NOT NULL COMMENT '创建时间',
  `gmt_modified` datetime NOT NULL COMMENT '更新时间',
  PRIMARY KEY (`id`),
  UNIQUE KEY `uni_statistics_day` (`date_calculated`)
) ENGINE=InnoDB DEFAULT CHARSET=utf8 COMMENT='网站统计日数据';

/*Data for the table `statistics_daily` */

insert  into `statistics_daily`(`id`,`date_calculated`,`register_num`,`login_num`,`video_view_num`,`course_num`,`gmt_create`,`gmt_modified`) values 
(1384516280449929217,'2021-04-17',1,31,17,27,'2021-04-20 23:44:36','2021-04-20 23:44:36'),
(1384516280449929218,'2021-04-18',32,13,41,42,'2021-04-21 00:11:05','2021-04-21 00:11:07'),
(1384530430278434817,'2021-04-21',0,34,29,9,'2021-04-21 00:32:33','2021-04-21 06:06:57'),
(1384537340243275777,'2021-04-20',0,22,18,42,'2021-04-21 01:00:00','2021-04-21 01:00:00'),
(1385964627893256193,'2021-04-24',0,3,5,49,'2021-04-24 23:31:32','2021-04-25 01:00:01'),
(1386050170354221057,'2021-04-25',0,36,12,16,'2021-04-25 05:11:27','2021-04-26 01:00:00'),
(1386339819693903874,'2021-04-26',0,48,32,40,'2021-04-26 00:22:25','2021-04-26 20:47:47'),
(1386748907800072193,'2021-04-27',0,36,38,35,'2021-04-27 03:27:59','2021-04-28 01:00:02'),
(1387084806811340802,'2021-04-28',0,42,41,7,'2021-04-28 01:42:43','2021-04-28 05:42:33'),
(1387456494602379266,'2021-04-29',0,31,34,31,'2021-04-29 02:19:41','2021-04-30 01:00:00'),
(1387814922952749057,'2021-04-30',0,38,32,18,'2021-04-30 02:03:57','2021-04-30 02:03:57'),
(1388161005671165954,'2021-05-01',0,12,5,80,'2021-05-01 00:59:09','2021-05-01 00:59:09'),
(1388527867500232706,'2021-05-02',0,11,0,30,'2021-05-02 01:16:56','2021-05-02 01:16:56'),
(1388885286550069249,'2021-05-03',0,0,1,7,'2021-05-03 00:57:11','2021-05-03 00:57:11'),
(1389237458760433666,'2021-05-04',2,7,7,126,'2021-05-04 00:16:36','2021-05-04 00:16:36'),
(1389598414921383937,'2021-05-05',0,22,5,22,'2021-05-05 00:10:54','2021-05-05 00:10:54'),
(1389984535585067010,'2021-05-06',0,2,0,6,'2021-05-06 01:45:13','2021-05-06 01:45:13'),
(1391450022919647234,'2021-05-10',0,0,0,0,'2021-05-10 02:48:32','2021-05-10 02:48:32'),
(1391679406230319106,'2021-05-09',0,0,0,0,'2021-05-10 18:00:01','2021-05-10 18:00:01'),
(1408501370110451714,'2021-06-26',0,3,4,10,'2021-06-26 04:04:30','2021-06-26 04:04:30'),
(1413398049204846593,'2021-07-09',0,1,1,1,'2021-07-09 16:22:09','2021-07-09 16:22:09'),
(1415048554100367362,'2021-07-14',0,0,0,1,'2021-07-14 05:40:40','2021-07-14 05:40:40');

/*Table structure for table `t_order` */

DROP TABLE IF EXISTS `t_order`;

CREATE TABLE `t_order` (
  `id` bigint NOT NULL,
  `order_no` varchar(40) CHARACTER SET utf8mb4 COLLATE utf8mb4_0900_ai_ci NOT NULL DEFAULT '' COMMENT '订单号',
  `course_id` bigint NOT NULL COMMENT '课程id',
  `course_title` varchar(100) DEFAULT NULL COMMENT '课程名称',
  `course_cover` varchar(255) DEFAULT NULL COMMENT '课程封面',
  `teacher_name` varchar(20) DEFAULT NULL COMMENT '讲师名称',
  `member_id` varchar(30) NOT NULL COMMENT '会员id',
  `nickname` varchar(50) DEFAULT NULL COMMENT '会员昵称',
  `email` varchar(50) CHARACTER SET utf8mb4 COLLATE utf8mb4_0900_ai_ci DEFAULT NULL COMMENT '会员邮箱',
  `total_fee` decimal(10,2) DEFAULT '0.01' COMMENT '订单金额（分）',
  `pay_type` tinyint DEFAULT '1' COMMENT '支付类型（1：微信 2：支付宝）',
  `status` tinyint DEFAULT '0' COMMENT '订单状态（0：未支付 1：已支付）',
  `is_deleted` tinyint unsigned NOT NULL DEFAULT '0' COMMENT '逻辑删除 1（true）已删除， 0（false）未删除',
  `gmt_create` datetime NOT NULL COMMENT '创建时间',
  `gmt_modified` datetime NOT NULL COMMENT '更新时间',
  PRIMARY KEY (`id`),
  UNIQUE KEY `ux_order_no` (`order_no`),
  KEY `idx_courseid_memberid` (`course_id`,`member_id`)
) ENGINE=InnoDB DEFAULT CHARSET=utf8mb4 COLLATE=utf8mb4_0900_ai_ci COMMENT='订单';

/*Data for the table `t_order` */

insert  into `t_order`(`id`,`order_no`,`course_id`,`course_title`,`course_cover`,`teacher_name`,`member_id`,`nickname`,`email`,`total_fee`,`pay_type`,`status`,`is_deleted`,`gmt_create`,`gmt_modified`) values 
(1389252368730968065,'126482bfdfac401a9ba1487ed4421dbc',1389173328695345153,'javaEE','https://my-online-education-project.oss-cn-beijing.aliyuncs.com/2021/05/03/2a87cf688f9c4395b46dfbd87f4210a8u=4054347203,639861629&fm=26&gp=0.gif','二階堂真紅','1389252345624576002','Andochiwa','',2.00,1,1,0,'2021-05-04 01:15:50','2021-05-04 01:15:50'),
(1389532800873680897,'47d0a05a92584a4e8815496ee97faa3f',1389179037784817666,'Spring Cloud','https://my-online-education-project.oss-cn-beijing.aliyuncs.com/2021/05/03/f78af7e8ecf348ceb5b928bda6094bbdsrc=http___static.zuidemo.com_upload_image_201810_8cc35820-6277-4b11-8273-bb051bb469e0_large.jpg&refer=http___static.zuidemo.jpg','二階堂藍','1389252345624576002','Andochiwa','',4.00,1,1,0,'2021-05-04 19:50:11','2021-05-04 19:50:11'),
(1389586300768952321,'d53f2c18d0ce48c4b8a7362b4071ee53',1389184259991093249,'golang','https://my-online-education-project.oss-cn-beijing.aliyuncs.com/2021/05/03/3dc5bbacc2ea4f9fa8e1cf9e73ab4f0cgo.png','御桜稟','1389252345624576002','Andochiwa','',3.00,1,1,0,'2021-05-04 23:22:46','2021-05-04 23:22:46'),
(1389702274532880385,'a01bc57683e242dc8fff0917b1dbcf44',1389189470793056257,'docker','https://my-online-education-project.oss-cn-beijing.aliyuncs.com/2021/05/03/91a5d4dee42f4f8a9fc9b107391fdc5bdocker-eyecatch-960x504.png','吹','1389252345624576002','Andochiwa','',4.00,1,0,0,'2021-05-05 07:03:36','2021-05-05 07:03:36'),
(1408505111337328641,'367965d8aef4446f92e8ec0d2d181f56',1389181626911899650,'C++','https://my-online-education-project.oss-cn-beijing.aliyuncs.com/2021/05/03/e02259dcfb244936a9ecae3db3377970safjkalsfj.jpg','夏目雫','1389252345624576002','Andochiwa','',50.00,1,1,0,'2021-06-26 04:19:22','2021-06-26 04:19:22');

/*Table structure for table `t_pay_log` */

DROP TABLE IF EXISTS `t_pay_log`;

CREATE TABLE `t_pay_log` (
  `id` bigint NOT NULL,
  `order_no` varchar(50) CHARACTER SET utf8mb4 COLLATE utf8mb4_0900_ai_ci NOT NULL DEFAULT '' COMMENT '订单号',
  `pay_time` datetime DEFAULT NULL COMMENT '支付完成时间',
  `total_fee` decimal(10,2) DEFAULT '0.01' COMMENT '支付金额（分）',
  `transaction_id` varchar(30) DEFAULT NULL COMMENT '交易流水号',
  `trade_state` char(20) DEFAULT NULL COMMENT '交易状态',
  `pay_type` tinyint NOT NULL DEFAULT '0' COMMENT '支付类型（1：微信 2：支付宝）',
  `attr` text COMMENT '其他属性',
  `is_deleted` tinyint unsigned NOT NULL DEFAULT '0' COMMENT '逻辑删除 1（true）已删除， 0（false）未删除',
  `gmt_create` datetime NOT NULL COMMENT '创建时间',
  `gmt_modified` datetime NOT NULL COMMENT '更新时间',
  PRIMARY KEY (`id`),
  UNIQUE KEY `uk_order_no` (`order_no`)
) ENGINE=InnoDB DEFAULT CHARSET=utf8mb4 COLLATE=utf8mb4_0900_ai_ci COMMENT='支付日志表';

/*Data for the table `t_pay_log` */

insert  into `t_pay_log`(`id`,`order_no`,`pay_time`,`total_fee`,`transaction_id`,`trade_state`,`pay_type`,`attr`,`is_deleted`,`gmt_create`,`gmt_modified`) values 
(1389252381347434498,'126482bfdfac401a9ba1487ed4421dbc','2021-05-04 01:15:53',2.00,'33665710776',NULL,0,NULL,0,'2021-05-04 01:15:53','2021-05-04 01:15:53'),
(1389532813464981506,'47d0a05a92584a4e8815496ee97faa3f','2021-05-04 19:50:14',4.00,'69063346995',NULL,0,NULL,0,'2021-05-04 19:50:14','2021-05-04 19:50:14'),
(1389586346147127298,'d53f2c18d0ce48c4b8a7362b4071ee53','2021-05-04 23:22:57',3.00,'01872707011',NULL,0,NULL,0,'2021-05-04 23:22:57','2021-05-04 23:22:57'),
(1408505173102649345,'367965d8aef4446f92e8ec0d2d181f56','2021-06-26 04:19:37',50.00,'97452450710',NULL,0,NULL,0,'2021-06-26 04:19:37','2021-06-26 04:19:37');

/*Table structure for table `three_party_info` */

DROP TABLE IF EXISTS `three_party_info`;

CREATE TABLE `three_party_info` (
  `name` varchar(50) NOT NULL,
  `id` varchar(50) DEFAULT NULL,
  `secret` varchar(50) DEFAULT NULL,
  `temp1` varchar(50) DEFAULT NULL,
  `temp2` varchar(50) DEFAULT NULL,
  PRIMARY KEY (`name`)
) ENGINE=InnoDB DEFAULT CHARSET=utf8mb4 COLLATE=utf8mb4_0900_ai_ci;

/*Data for the table `three_party_info` */

insert  into `three_party_info`(`name`,`id`,`secret`,`temp1`,`temp2`) values 
('aliyun','改成你阿里云的AccessKey ID','改成你阿里云的AccessKey Secret','改成你oss的bucket的Endpoint','改成你oss的bucket的名称'),
('email','改成你的邮箱','改成你邮箱的授权码',NULL,NULL),
('github','改成你github的Client ID','改成你github的Client secrets',NULL,NULL);

/*Table structure for table `ucenter_member` */

DROP TABLE IF EXISTS `ucenter_member`;

CREATE TABLE `ucenter_member` (
  `id` char(19) NOT NULL COMMENT '会员id',
  `openid` varchar(128) CHARACTER SET utf8mb4 COLLATE utf8mb4_0900_ai_ci DEFAULT NULL COMMENT '第三方id',
  `email` varchar(50) CHARACTER SET utf8mb4 COLLATE utf8mb4_0900_ai_ci DEFAULT '' COMMENT '邮箱号',
  `password` varchar(255) DEFAULT NULL COMMENT '密码',
  `nickname` varchar(50) DEFAULT NULL COMMENT '昵称',
  `sex` tinyint unsigned DEFAULT '1' COMMENT '性别 0 女，1 男',
  `age` tinyint unsigned DEFAULT NULL COMMENT '年龄',
  `avatar` varchar(255) CHARACTER SET utf8mb4 COLLATE utf8mb4_0900_ai_ci DEFAULT 'https://wpimg.wallstcn.com/f778738c-e4f8-4870-b634-56703b4acafe.gif?imageView2/1/w/80/h/80' COMMENT '用户头像',
  `sign` varchar(100) DEFAULT NULL COMMENT '用户签名',
  `is_disabled` tinyint(1) NOT NULL DEFAULT '0' COMMENT '是否禁用 1（true）已禁用，  0（false）未禁用',
  `is_deleted` tinyint(1) NOT NULL DEFAULT '0' COMMENT '逻辑删除 1（true）已删除， 0（false）未删除',
  `gmt_create` datetime NOT NULL COMMENT '创建时间',
  `gmt_modified` datetime NOT NULL COMMENT '更新时间',
  PRIMARY KEY (`id`),
  UNIQUE KEY `uni_email` (`email`),
  KEY `idx_openid` (`openid`)
) ENGINE=InnoDB DEFAULT CHARSET=utf8mb4 COLLATE=utf8mb4_0900_ai_ci COMMENT='会员表';

/*Data for the table `ucenter_member` */

insert  into `ucenter_member`(`id`,`openid`,`email`,`password`,`nickname`,`sex`,`age`,`avatar`,`sign`,`is_disabled`,`is_deleted`,`gmt_create`,`gmt_modified`) values 
('1389252345624576002','MDQ6VXNlcjY3ODE4MjM3','',NULL,'Andochiwa',1,NULL,'https://avatars.githubusercontent.com/u/67818237?v=4',NULL,0,0,'2021-05-04 01:15:45','2021-05-04 01:15:45'),
('1389275697324060674',NULL,'a1066079469@gmail.com','31942c61877e3513c7ed5e5e5a3f1dfa','Andochiwa',1,NULL,'https://wpimg.wallstcn.com/f778738c-e4f8-4870-b634-56703b4acafe.gif?imageView2/1/w/80/h/80',NULL,0,0,'2021-05-04 02:48:32','2021-05-04 02:48:32');

/*Table structure for table `undo_log` */

DROP TABLE IF EXISTS `undo_log`;

CREATE TABLE `undo_log` (
  `branch_id` bigint NOT NULL COMMENT 'branch transaction id',
  `xid` varchar(128) NOT NULL COMMENT 'global transaction id',
  `context` varchar(128) NOT NULL COMMENT 'undo_log context,such as serialization',
  `rollback_info` longblob NOT NULL COMMENT 'rollback info',
  `log_status` int NOT NULL COMMENT '0:normal status,1:defense status',
  `log_created` datetime(6) NOT NULL COMMENT 'create datetime',
  `log_modified` datetime(6) NOT NULL COMMENT 'modify datetime',
  UNIQUE KEY `ux_undo_log` (`xid`,`branch_id`)
) ENGINE=InnoDB DEFAULT CHARSET=utf8 COMMENT='AT transaction mode undo table';

/*Data for the table `undo_log` */

/*!40101 SET SQL_MODE=@OLD_SQL_MODE */;
/*!40014 SET FOREIGN_KEY_CHECKS=@OLD_FOREIGN_KEY_CHECKS */;
/*!40014 SET UNIQUE_CHECKS=@OLD_UNIQUE_CHECKS */;
/*!40111 SET SQL_NOTES=@OLD_SQL_NOTES */;
